Run,Cloud,Job Conf,Workflow,History,Server,Tool,Tool Version,State,Slots,Memory,Runtime (Sec),CPU,Memory Limit (Bytes),Memory Max usage (Bytes),Memory Soft Limit
0,n2,default,79e052a475e6668b,8ab117b2e503c4d5,http://34.75.249.162:8000/galaxy/,hisat2,2.1.0+galaxy7,ok,2.0000000,4000.0000000,460.0000000,142222611611.0000000,9999998976.0000000,7176110080.0000000,9223372036854771712.0000000
1,n2,4x8,8cd9256b535acf7f,4a1ebc34e1cd6d4c,http://34.75.249.162:8000/galaxy/,bwa_mem,0.7.17.1,ok,4.0000000,8000.0000000,199.0000000,781632096675.0000000,16000000000.0000000,12614754304.0000000,9223372036854771712.0000000
1,n1,16x32,9a97e21eece60c70,af8549dd761318d1,http://35.231.186.105:8000/galaxy/,bwa_mem,0.7.17.1,ok,4.0000000,8000.0000000,253.0000000,994158669715.0000000,16000000000.0000000,11202265088.0000000,9223372036854771712.0000000
0,n2,16x32,00cc7bba7f14f031,ce1c45353da0d182,http://34.75.249.162:8000/galaxy/,hisat2,2.1.0+galaxy7,ok,2.0000000,4000.0000000,71.0000000,142235712208.0000000,9999998976.0000000,9334652928.0000000,9223372036854771712.0000000
0,n2,8x16,5e16d22a8a32baa9,12c3019192244338,http://34.75.249.162:8000/galaxy/,bwa,0.7.17.4,ok,4.0000000,8000.0000000,399.0000000,1353300453266.0000000,16000000000.0000000,11304157184.0000000,9223372036854771712.0000000
0,c2,4x8,2b1f44c39c87bcca,f6c8332a500f294b,http://34.73.40.159:8000/galaxy/,stringtie,2.1.1,ok,1.0000000,2000.0000000,29.0000000,42538283986.0000000,4999999488.0000000,16490496.0000000,9223372036854771712.0000000
0,c2,default,fd2664cbb575fdf5,9f37a3acc430f989,http://34.73.40.159:8000/galaxy/,hisat2,2.1.0+galaxy7,ok,2.0000000,4000.0000000,463.0000000,129491755931.0000000,9999998976.0000000,7416340480.0000000,9223372036854771712.0000000
1,n1,default,95a587c8ab73103e,e8924317936df9d4,http://35.231.186.105:8000/galaxy/,hisat2,2.1.0+galaxy7,ok,2.0000000,4000.0000000,90.0000000,175792446927.0000000,9999998976.0000000,8994099200.0000000,9223372036854771712.0000000
1,e2,8x16,6891a40878670c62,99259a3f5197e938,http://34.138.22.88:8000/galaxy/,bowtie2,2.4.2+galaxy0,ok,2.0000000,4000.0000000,389.0000000,774686147061.0000000,9999998976.0000000,7379140608.0000000,9223372036854771712.0000000
0,c2,4x8,2b1f44c39c87bcca,f6c8332a500f294b,http://34.73.40.159:8000/galaxy/,bwa_mem,0.7.17.1,ok,4.0000000,8000.0000000,188.0000000,739368096949.0000000,16000000000.0000000,12498710528.0000000,9223372036854771712.0000000
1,c2,16x32,4563a60c7ce8a92f,a2ee00cea955e8b1,http://34.73.40.159:8000/galaxy/,hisat2,2.1.0+galaxy7,ok,2.0000000,4000.0000000,66.0000000,130932802941.0000000,9999998976.0000000,8993792000.0000000,9223372036854771712.0000000
1,c2,16x32,4563a60c7ce8a92f,a2ee00cea955e8b1,http://34.73.40.159:8000/galaxy/,stringtie,2.1.1,ok,1.0000000,2000.0000000,29.0000000,42745402145.0000000,4999999488.0000000,16191488.0000000,9223372036854771712.0000000
0,e2,default,f3571de78c266585,859ae213ae73bac7,http://34.138.22.88:8000/galaxy/,hisat2,2.1.0+galaxy7,ok,2.0000000,4000.0000000,472.0000000,184317393594.0000000,9999998976.0000000,7153799168.0000000,9223372036854771712.0000000
0,n1,16x32,9a97e21eece60c70,1ddf2c69353cf6a4,http://35.231.186.105:8000/galaxy/,bwa_mem,0.7.17.1,ok,4.0000000,8000.0000000,263.0000000,1036160969637.0000000,16000000000.0000000,11036213248.0000000,9223372036854771712.0000000
1,n2,default,79e052a475e6668b,79e2b3bcad4c7e04,http://34.75.249.162:8000/galaxy/,bwa,0.7.17.4,ok,4.0000000,8000.0000000,402.0000000,1361383436271.0000000,16000000000.0000000,11304296448.0000000,9223372036854771712.0000000
0,e2,8x16,6891a40878670c62,579102256baf50ea,http://34.138.22.88:8000/galaxy/,bwa,0.7.17.4,ok,4.0000000,8000.0000000,625.0000000,2063883551125.0000000,16000000000.0000000,11355951104.0000000,9223372036854771712.0000000
1,e2,default,f3571de78c266585,16298b6a83391817,http://34.138.22.88:8000/galaxy/,stringtie,2.1.1,ok,1.0000000,2000.0000000,34.0000000,44386024366.0000000,4999999488.0000000,16728064.0000000,9223372036854771712.0000000
1,c2,8x16,a53cc1dd7d2490b0,7eaff4edbfdd89ac,http://34.73.40.159:8000/galaxy/,hisat2,2.1.0+galaxy7,ok,2.0000000,4000.0000000,66.0000000,131008470479.0000000,9999998976.0000000,8439164928.0000000,9223372036854771712.0000000
1,n1,8x16,68b77645c1492f6d,3eaebb45f34866e9,http://35.231.186.105:8000/galaxy/,bwa_mem,0.7.17.1,ok,4.0000000,8000.0000000,257.0000000,1010183861381.0000000,16000000000.0000000,12614213632.0000000,9223372036854771712.0000000
0,c2,default,fd2664cbb575fdf5,9f37a3acc430f989,http://34.73.40.159:8000/galaxy/,bowtie2,2.4.2+galaxy0,ok,2.0000000,4000.0000000,599.0000000,629526867210.0000000,9999998976.0000000,5973454848.0000000,9223372036854771712.0000000
0,n2,16x32,00cc7bba7f14f031,ce1c45353da0d182,http://34.75.249.162:8000/galaxy/,bowtie2,2.4.2+galaxy0,ok,2.0000000,4000.0000000,345.0000000,690935243543.0000000,9999998976.0000000,7293698048.0000000,9223372036854771712.0000000
1,c2,default,fd2664cbb575fdf5,7e899c7ccc67d55c,http://34.73.40.159:8000/galaxy/,hisat2,2.1.0+galaxy7,ok,2.0000000,4000.0000000,66.0000000,128259089415.0000000,9999998976.0000000,8992608256.0000000,9223372036854771712.0000000
1,e2,16x32,2138d9e23370493f,2eca279e52bdb3d0,http://34.138.22.88:8000/galaxy/,bowtie2,2.4.2+galaxy0,ok,2.0000000,4000.0000000,416.0000000,809490290879.0000000,9999998976.0000000,7521275904.0000000,9223372036854771712.0000000
0,c2,16x32,4563a60c7ce8a92f,62eef8c4fba7155d,http://34.73.40.159:8000/galaxy/,hisat2,2.1.0+galaxy7,ok,2.0000000,4000.0000000,66.0000000,130662671737.0000000,9999998976.0000000,8734031872.0000000,9223372036854771712.0000000
0,n1,4x8,91d4a3e115d9cda2,7da77d15fc0191ed,http://35.231.186.105:8000/galaxy/,hisat2,2.1.0+galaxy7,ok,2.0000000,4000.0000000,87.0000000,174854023624.0000000,9999998976.0000000,9313976320.0000000,9223372036854771712.0000000
1,n2,16x32,00cc7bba7f14f031,67a214296e5e36b3,http://34.75.249.162:8000/galaxy/,bowtie2,2.4.2+galaxy0,ok,2.0000000,4000.0000000,346.0000000,692433263543.0000000,9999998976.0000000,7489150976.0000000,9223372036854771712.0000000
0,n1,4x8,91d4a3e115d9cda2,7da77d15fc0191ed,http://35.231.186.105:8000/galaxy/,bwa_mem,0.7.17.1,ok,4.0000000,8000.0000000,249.0000000,983408109618.0000000,16000000000.0000000,11735281664.0000000,9223372036854771712.0000000
0,e2,16x32,2138d9e23370493f,9426eadb72701541,http://34.138.22.88:8000/galaxy/,bwa,0.7.17.4,ok,4.0000000,8000.0000000,678.0000000,2163962779896.0000000,16000000000.0000000,11211231232.0000000,9223372036854771712.0000000
1,n2,16x32,00cc7bba7f14f031,67a214296e5e36b3,http://34.75.249.162:8000/galaxy/,bwa_mem,0.7.17.1,ok,4.0000000,8000.0000000,198.0000000,778941967258.0000000,16000000000.0000000,12615184384.0000000,9223372036854771712.0000000
1,n2,8x16,5e16d22a8a32baa9,6282b6c085419a78,http://34.75.249.162:8000/galaxy/,bowtie2,2.4.2+galaxy0,ok,2.0000000,4000.0000000,346.0000000,692408846156.0000000,9999998976.0000000,7203491840.0000000,9223372036854771712.0000000
1,n1,16x32,9a97e21eece60c70,af8549dd761318d1,http://35.231.186.105:8000/galaxy/,bowtie2,2.4.2+galaxy0,ok,2.0000000,4000.0000000,439.0000000,879326512725.0000000,9999998976.0000000,7352397824.0000000,9223372036854771712.0000000
1,c2,4x8,2b1f44c39c87bcca,e31277ecf4199b58,http://34.73.40.159:8000/galaxy/,bwa_mem,0.7.17.1,ok,4.0000000,8000.0000000,188.0000000,738816418751.0000000,16000000000.0000000,12697653248.0000000,9223372036854771712.0000000
1,c2,8x16,a53cc1dd7d2490b0,7eaff4edbfdd89ac,http://34.73.40.159:8000/galaxy/,bwa,0.7.17.4,ok,4.0000000,8000.0000000,381.0000000,1304668118839.0000000,16000000000.0000000,11303206912.0000000,9223372036854771712.0000000
1,e2,default,f3571de78c266585,16298b6a83391817,http://34.138.22.88:8000/galaxy/,bwa_mem,0.7.17.1,ok,4.0000000,8000.0000000,300.0000000,1177221629599.0000000,16000000000.0000000,9539383296.0000000,9223372036854771712.0000000
1,n2,default,79e052a475e6668b,79e2b3bcad4c7e04,http://34.75.249.162:8000/galaxy/,bowtie2,2.4.2+galaxy0,ok,2.0000000,4000.0000000,352.0000000,698708131279.0000000,9999998976.0000000,7690661888.0000000,9223372036854771712.0000000
0,n2,4x8,8cd9256b535acf7f,0f352045104c4f15,http://34.75.249.162:8000/galaxy/,bowtie2,2.4.2+galaxy0,ok,2.0000000,4000.0000000,346.0000000,692429770749.0000000,9999998976.0000000,7311724544.0000000,9223372036854771712.0000000
1,n1,default,95a587c8ab73103e,e8924317936df9d4,http://35.231.186.105:8000/galaxy/,stringtie,2.1.1,ok,1.0000000,2000.0000000,45.0000000,69280501037.0000000,4999999488.0000000,16822272.0000000,9223372036854771712.0000000
0,c2,8x16,a53cc1dd7d2490b0,2dbff808d1d76c54,http://34.73.40.159:8000/galaxy/,bowtie2,2.4.2+galaxy0,ok,2.0000000,4000.0000000,318.0000000,636126977318.0000000,9999998976.0000000,7573139456.0000000,9223372036854771712.0000000
0,n1,16x32,9a97e21eece60c70,1ddf2c69353cf6a4,http://35.231.186.105:8000/galaxy/,hisat2,2.1.0+galaxy7,ok,2.0000000,4000.0000000,96.0000000,192423873203.0000000,9999998976.0000000,9339736064.0000000,9223372036854771712.0000000
0,e2,4x8,06ce99249061d778,53721d68a5ff923d,http://34.138.22.88:8000/galaxy/,stringtie,2.1.1,ok,1.0000000,2000.0000000,33.0000000,46845905997.0000000,4999999488.0000000,16670720.0000000,9223372036854771712.0000000
1,n2,8x16,5e16d22a8a32baa9,6282b6c085419a78,http://34.75.249.162:8000/galaxy/,stringtie,2.1.1,ok,1.0000000,2000.0000000,31.0000000,40149038279.0000000,4999999488.0000000,16060416.0000000,9223372036854771712.0000000
0,n1,8x16,68b77645c1492f6d,89152235b2dab7ba,http://35.231.186.105:8000/galaxy/,bwa,0.7.17.4,ok,4.0000000,8000.0000000,529.0000000,1777312577801.0000000,16000000000.0000000,11285700608.0000000,9223372036854771712.0000000
1,c2,8x16,a53cc1dd7d2490b0,7eaff4edbfdd89ac,http://34.73.40.159:8000/galaxy/,stringtie,2.1.1,ok,1.0000000,2000.0000000,28.0000000,42741652484.0000000,4999999488.0000000,16814080.0000000,9223372036854771712.0000000
1,n1,4x8,91d4a3e115d9cda2,672690a385b83e39,http://35.231.186.105:8000/galaxy/,hisat2,2.1.0+galaxy7,ok,2.0000000,4000.0000000,86.0000000,172959035686.0000000,9999998976.0000000,8993193984.0000000,9223372036854771712.0000000
0,n1,8x16,68b77645c1492f6d,89152235b2dab7ba,http://35.231.186.105:8000/galaxy/,bowtie2,2.4.2+galaxy0,ok,2.0000000,4000.0000000,442.0000000,887269991623.0000000,9999998976.0000000,7466274816.0000000,9223372036854771712.0000000
0,n1,4x8,91d4a3e115d9cda2,7da77d15fc0191ed,http://35.231.186.105:8000/galaxy/,bwa,0.7.17.4,ok,4.0000000,8000.0000000,493.0000000,1656112176414.0000000,16000000000.0000000,11303022592.0000000,9223372036854771712.0000000
0,n2,8x16,5e16d22a8a32baa9,12c3019192244338,http://34.75.249.162:8000/galaxy/,hisat2,2.1.0+galaxy7,ok,2.0000000,4000.0000000,71.0000000,142466084271.0000000,9999998976.0000000,9320853504.0000000,9223372036854771712.0000000
1,e2,16x32,2138d9e23370493f,2eca279e52bdb3d0,http://34.138.22.88:8000/galaxy/,bwa_mem,0.7.17.1,ok,4.0000000,8000.0000000,306.0000000,1129819026042.0000000,16000000000.0000000,11760562176.0000000,9223372036854771712.0000000
1,e2,4x8,06ce99249061d778,c92d77eb191e3a48,http://34.138.22.88:8000/galaxy/,stringtie,2.1.1,ok,1.0000000,2000.0000000,34.0000000,44547249898.0000000,4999999488.0000000,16977920.0000000,9223372036854771712.0000000
1,n2,16x32,00cc7bba7f14f031,67a214296e5e36b3,http://34.75.249.162:8000/galaxy/,hisat2,2.1.0+galaxy7,ok,2.0000000,4000.0000000,70.0000000,138378429142.0000000,9999998976.0000000,8993071104.0000000,9223372036854771712.0000000
1,n2,default,79e052a475e6668b,79e2b3bcad4c7e04,http://34.75.249.162:8000/galaxy/,bwa_mem,0.7.17.1,ok,4.0000000,8000.0000000,200.0000000,780767148602.0000000,16000000000.0000000,13485592576.0000000,9223372036854771712.0000000
1,c2,4x8,2b1f44c39c87bcca,e31277ecf4199b58,http://34.73.40.159:8000/galaxy/,hisat2,2.1.0+galaxy7,ok,2.0000000,4000.0000000,66.0000000,131249206705.0000000,9999998976.0000000,8993296384.0000000,9223372036854771712.0000000
0,c2,default,fd2664cbb575fdf5,9f37a3acc430f989,http://34.73.40.159:8000/galaxy/,bwa_mem,0.7.17.1,ok,4.0000000,8000.0000000,616.0000000,733621955088.0000000,16000000000.0000000,8340377600.0000000,9223372036854771712.0000000
0,c2,16x32,4563a60c7ce8a92f,62eef8c4fba7155d,http://34.73.40.159:8000/galaxy/,stringtie,2.1.1,ok,1.0000000,2000.0000000,29.0000000,42678586824.0000000,4999999488.0000000,16101376.0000000,9223372036854771712.0000000
1,n1,16x32,9a97e21eece60c70,af8549dd761318d1,http://35.231.186.105:8000/galaxy/,hisat2,2.1.0+galaxy7,ok,2.0000000,4000.0000000,92.0000000,184193889492.0000000,9999998976.0000000,8993574912.0000000,9223372036854771712.0000000
1,n1,8x16,68b77645c1492f6d,3eaebb45f34866e9,http://35.231.186.105:8000/galaxy/,bwa,0.7.17.4,ok,4.0000000,8000.0000000,540.0000000,1808331924295.0000000,16000000000.0000000,11304841216.0000000,9223372036854771712.0000000
0,n1,16x32,9a97e21eece60c70,1ddf2c69353cf6a4,http://35.231.186.105:8000/galaxy/,stringtie,2.1.1,ok,1.0000000,2000.0000000,57.0000000,88011267949.0000000,4999999488.0000000,16789504.0000000,9223372036854771712.0000000
1,c2,16x32,4563a60c7ce8a92f,a2ee00cea955e8b1,http://34.73.40.159:8000/galaxy/,bwa,0.7.17.4,ok,4.0000000,8000.0000000,377.0000000,1287635096544.0000000,16000000000.0000000,11302965248.0000000,9223372036854771712.0000000
0,e2,default,f3571de78c266585,859ae213ae73bac7,http://34.138.22.88:8000/galaxy/,bwa,0.7.17.4,ok,4.0000000,8000.0000000,755.0000000,1782149734351.0000000,16000000000.0000000,11591184384.0000000,9223372036854771712.0000000
1,n2,8x16,5e16d22a8a32baa9,6282b6c085419a78,http://34.75.249.162:8000/galaxy/,bwa_mem,0.7.17.1,ok,4.0000000,8000.0000000,199.0000000,782051905687.0000000,16000000000.0000000,11558637568.0000000,9223372036854771712.0000000
0,c2,8x16,a53cc1dd7d2490b0,2dbff808d1d76c54,http://34.73.40.159:8000/galaxy/,bwa_mem,0.7.17.1,ok,4.0000000,8000.0000000,188.0000000,740872092413.0000000,16000000000.0000000,13027102720.0000000,9223372036854771712.0000000
1,n1,4x8,91d4a3e115d9cda2,672690a385b83e39,http://35.231.186.105:8000/galaxy/,bwa_mem,0.7.17.1,ok,4.0000000,8000.0000000,246.0000000,971296328363.0000000,16000000000.0000000,13484072960.0000000,9223372036854771712.0000000
0,n1,8x16,68b77645c1492f6d,89152235b2dab7ba,http://35.231.186.105:8000/galaxy/,hisat2,2.1.0+galaxy7,ok,2.0000000,4000.0000000,93.0000000,185859158007.0000000,9999998976.0000000,9339953152.0000000,9223372036854771712.0000000
0,n2,default,79e052a475e6668b,8ab117b2e503c4d5,http://34.75.249.162:8000/galaxy/,bwa,0.7.17.4,ok,4.0000000,8000.0000000,629.0000000,1383092796170.0000000,16000000000.0000000,11733798912.0000000,9223372036854771712.0000000
0,e2,8x16,6891a40878670c62,579102256baf50ea,http://34.138.22.88:8000/galaxy/,stringtie,2.1.1,ok,1.0000000,2000.0000000,35.0000000,48099909138.0000000,4999999488.0000000,16932864.0000000,9223372036854771712.0000000
0,n2,16x32,00cc7bba7f14f031,ce1c45353da0d182,http://34.75.249.162:8000/galaxy/,stringtie,2.1.1,ok,1.0000000,2000.0000000,32.0000000,43337605721.0000000,4999999488.0000000,15937536.0000000,9223372036854771712.0000000
0,n1,default,95a587c8ab73103e,011989b9446cfc56,http://35.231.186.105:8000/galaxy/,bowtie2,2.4.2+galaxy0,ok,2.0000000,4000.0000000,697.0000000,859698768144.0000000,9999998976.0000000,6293086208.0000000,9223372036854771712.0000000
1,e2,8x16,6891a40878670c62,99259a3f5197e938,http://34.138.22.88:8000/galaxy/,bwa,0.7.17.4,ok,4.0000000,8000.0000000,665.0000000,2123755134342.0000000,16000000000.0000000,11280842752.0000000,9223372036854771712.0000000
1,n1,default,95a587c8ab73103e,e8924317936df9d4,http://35.231.186.105:8000/galaxy/,bwa,0.7.17.4,ok,4.0000000,8000.0000000,498.0000000,1686484312722.0000000,16000000000.0000000,11303354368.0000000,9223372036854771712.0000000
1,n1,4x8,91d4a3e115d9cda2,672690a385b83e39,http://35.231.186.105:8000/galaxy/,stringtie,2.1.1,ok,1.0000000,2000.0000000,45.0000000,69166009587.0000000,4999999488.0000000,16281600.0000000,9223372036854771712.0000000
0,n2,4x8,8cd9256b535acf7f,0f352045104c4f15,http://34.75.249.162:8000/galaxy/,hisat2,2.1.0+galaxy7,ok,2.0000000,4000.0000000,71.0000000,142309407089.0000000,9999998976.0000000,9105412096.0000000,9223372036854771712.0000000
1,c2,4x8,2b1f44c39c87bcca,e31277ecf4199b58,http://34.73.40.159:8000/galaxy/,stringtie,2.1.1,ok,1.0000000,2000.0000000,29.0000000,42910290120.0000000,4999999488.0000000,16343040.0000000,9223372036854771712.0000000
1,c2,16x32,4563a60c7ce8a92f,a2ee00cea955e8b1,http://34.73.40.159:8000/galaxy/,bwa_mem,0.7.17.1,ok,4.0000000,8000.0000000,186.0000000,731818543901.0000000,16000000000.0000000,12698882048.0000000,9223372036854771712.0000000
0,n2,16x32,00cc7bba7f14f031,ce1c45353da0d182,http://34.75.249.162:8000/galaxy/,bwa_mem,0.7.17.1,ok,4.0000000,8000.0000000,199.0000000,785092998645.0000000,16000000000.0000000,11916611584.0000000,9223372036854771712.0000000
0,n2,default,79e052a475e6668b,8ab117b2e503c4d5,http://34.75.249.162:8000/galaxy/,bowtie2,2.4.2+galaxy0,ok,2.0000000,4000.0000000,649.0000000,709395747134.0000000,9999998976.0000000,5928681472.0000000,9223372036854771712.0000000
1,n2,4x8,8cd9256b535acf7f,4a1ebc34e1cd6d4c,http://34.75.249.162:8000/galaxy/,hisat2,2.1.0+galaxy7,ok,2.0000000,4000.0000000,70.0000000,139448576181.0000000,9999998976.0000000,8992063488.0000000,9223372036854771712.0000000
1,e2,8x16,6891a40878670c62,99259a3f5197e938,http://34.138.22.88:8000/galaxy/,bwa_mem,0.7.17.1,ok,4.0000000,8000.0000000,285.0000000,1087955584553.0000000,16000000000.0000000,11700613120.0000000,9223372036854771712.0000000
1,e2,4x8,06ce99249061d778,c92d77eb191e3a48,http://34.138.22.88:8000/galaxy/,hisat2,2.1.0+galaxy7,ok,2.0000000,4000.0000000,97.0000000,180608920919.0000000,9999998976.0000000,8433586176.0000000,9223372036854771712.0000000
0,e2,default,f3571de78c266585,859ae213ae73bac7,http://34.138.22.88:8000/galaxy/,stringtie,2.1.1,ok,1.0000000,2000.0000000,32.0000000,42036494473.0000000,4999999488.0000000,16187392.0000000,9223372036854771712.0000000
1,n2,default,79e052a475e6668b,79e2b3bcad4c7e04,http://34.75.249.162:8000/galaxy/,stringtie,2.1.1,ok,1.0000000,2000.0000000,30.0000000,40244138862.0000000,4999999488.0000000,16211968.0000000,9223372036854771712.0000000
0,c2,4x8,2b1f44c39c87bcca,f6c8332a500f294b,http://34.73.40.159:8000/galaxy/,hisat2,2.1.0+galaxy7,ok,2.0000000,4000.0000000,67.0000000,131537600961.0000000,9999998976.0000000,9331322880.0000000,9223372036854771712.0000000
0,e2,16x32,2138d9e23370493f,9426eadb72701541,http://34.138.22.88:8000/galaxy/,hisat2,2.1.0+galaxy7,ok,2.0000000,4000.0000000,111.0000000,195945698511.0000000,9999998976.0000000,9291915264.0000000,9223372036854771712.0000000
1,n2,4x8,8cd9256b535acf7f,4a1ebc34e1cd6d4c,http://34.75.249.162:8000/galaxy/,bwa,0.7.17.4,ok,4.0000000,8000.0000000,399.0000000,1359814421373.0000000,16000000000.0000000,11304718336.0000000,9223372036854771712.0000000
1,n1,8x16,68b77645c1492f6d,3eaebb45f34866e9,http://35.231.186.105:8000/galaxy/,stringtie,2.1.1,ok,1.0000000,2000.0000000,49.0000000,76940170147.0000000,4999999488.0000000,16232448.0000000,9223372036854771712.0000000
0,n2,4x8,8cd9256b535acf7f,0f352045104c4f15,http://34.75.249.162:8000/galaxy/,bwa,0.7.17.4,ok,4.0000000,8000.0000000,402.0000000,1363560071323.0000000,16000000000.0000000,11360780288.0000000,9223372036854771712.0000000
1,c2,8x16,a53cc1dd7d2490b0,7eaff4edbfdd89ac,http://34.73.40.159:8000/galaxy/,bowtie2,2.4.2+galaxy0,ok,2.0000000,4000.0000000,319.0000000,637633011398.0000000,9999998976.0000000,7239024640.0000000,9223372036854771712.0000000
1,n1,8x16,68b77645c1492f6d,3eaebb45f34866e9,http://35.231.186.105:8000/galaxy/,bowtie2,2.4.2+galaxy0,ok,2.0000000,4000.0000000,452.0000000,905603733705.0000000,9999998976.0000000,7492915200.0000000,9223372036854771712.0000000
0,n2,4x8,8cd9256b535acf7f,0f352045104c4f15,http://34.75.249.162:8000/galaxy/,stringtie,2.1.1,ok,1.0000000,2000.0000000,32.0000000,45680821284.0000000,4999999488.0000000,17588224.0000000,9223372036854771712.0000000
1,n1,16x32,9a97e21eece60c70,af8549dd761318d1,http://35.231.186.105:8000/galaxy/,bwa,0.7.17.4,ok,4.0000000,8000.0000000,526.0000000,1763936964570.0000000,16000000000.0000000,11303567360.0000000,9223372036854771712.0000000
0,e2,8x16,6891a40878670c62,579102256baf50ea,http://34.138.22.88:8000/galaxy/,bowtie2,2.4.2+galaxy0,ok,2.0000000,4000.0000000,387.0000000,772492870348.0000000,9999998976.0000000,7567568896.0000000,9223372036854771712.0000000
0,e2,default,f3571de78c266585,859ae213ae73bac7,http://34.138.22.88:8000/galaxy/,bowtie2,2.4.2+galaxy0,ok,2.0000000,4000.0000000,654.0000000,746682426488.0000000,9999998976.0000000,6172409856.0000000,9223372036854771712.0000000
0,n2,16x32,00cc7bba7f14f031,ce1c45353da0d182,http://34.75.249.162:8000/galaxy/,bwa,0.7.17.4,ok,4.0000000,8000.0000000,404.0000000,1369598151965.0000000,16000000000.0000000,11353579520.0000000,9223372036854771712.0000000
0,e2,8x16,6891a40878670c62,579102256baf50ea,http://34.138.22.88:8000/galaxy/,hisat2,2.1.0+galaxy7,ok,2.0000000,4000.0000000,105.0000000,191868110707.0000000,9999998976.0000000,9338294272.0000000,9223372036854771712.0000000
0,n1,16x32,9a97e21eece60c70,1ddf2c69353cf6a4,http://35.231.186.105:8000/galaxy/,bowtie2,2.4.2+galaxy0,ok,2.0000000,4000.0000000,450.0000000,901943313771.0000000,9999998976.0000000,7345967104.0000000,9223372036854771712.0000000
1,c2,default,fd2664cbb575fdf5,7e899c7ccc67d55c,http://34.73.40.159:8000/galaxy/,bowtie2,2.4.2+galaxy0,ok,2.0000000,4000.0000000,319.0000000,635165878115.0000000,9999998976.0000000,7751811072.0000000,9223372036854771712.0000000
1,n1,4x8,91d4a3e115d9cda2,672690a385b83e39,http://35.231.186.105:8000/galaxy/,bowtie2,2.4.2+galaxy0,ok,2.0000000,4000.0000000,425.0000000,851673571481.0000000,9999998976.0000000,7609946112.0000000,9223372036854771712.0000000
1,e2,8x16,6891a40878670c62,99259a3f5197e938,http://34.138.22.88:8000/galaxy/,hisat2,2.1.0+galaxy7,ok,2.0000000,4000.0000000,106.0000000,197368933823.0000000,9999998976.0000000,8995917824.0000000,9223372036854771712.0000000
0,e2,16x32,2138d9e23370493f,9426eadb72701541,http://34.138.22.88:8000/galaxy/,bowtie2,2.4.2+galaxy0,ok,2.0000000,4000.0000000,412.0000000,799683547924.0000000,9999998976.0000000,7350714368.0000000,9223372036854771712.0000000
0,n2,8x16,5e16d22a8a32baa9,12c3019192244338,http://34.75.249.162:8000/galaxy/,stringtie,2.1.1,ok,1.0000000,2000.0000000,31.0000000,43287535153.0000000,4999999488.0000000,16412672.0000000,9223372036854771712.0000000
1,n2,8x16,5e16d22a8a32baa9,6282b6c085419a78,http://34.75.249.162:8000/galaxy/,hisat2,2.1.0+galaxy7,ok,2.0000000,4000.0000000,71.0000000,141237629922.0000000,9999998976.0000000,8228868096.0000000,9223372036854771712.0000000
0,n1,default,95a587c8ab73103e,011989b9446cfc56,http://35.231.186.105:8000/galaxy/,stringtie,2.1.1,ok,1.0000000,2000.0000000,46.0000000,69811531092.0000000,4999999488.0000000,16941056.0000000,9223372036854771712.0000000
0,c2,16x32,4563a60c7ce8a92f,62eef8c4fba7155d,http://34.73.40.159:8000/galaxy/,bowtie2,2.4.2+galaxy0,ok,2.0000000,4000.0000000,318.0000000,635996640455.0000000,9999998976.0000000,7276445696.0000000,9223372036854771712.0000000
0,e2,default,f3571de78c266585,859ae213ae73bac7,http://34.138.22.88:8000/galaxy/,bwa_mem,0.7.17.1,ok,4.0000000,8000.0000000,683.0000000,1054074163334.0000000,16000000000.0000000,7857537024.0000000,9223372036854771712.0000000
0,e2,8x16,6891a40878670c62,579102256baf50ea,http://34.138.22.88:8000/galaxy/,bwa_mem,0.7.17.1,ok,4.0000000,8000.0000000,278.0000000,1062301891590.0000000,16000000000.0000000,9800323072.0000000,9223372036854771712.0000000
1,n2,4x8,8cd9256b535acf7f,4a1ebc34e1cd6d4c,http://34.75.249.162:8000/galaxy/,stringtie,2.1.1,ok,1.0000000,2000.0000000,32.0000000,44796211905.0000000,4999999488.0000000,16392192.0000000,9223372036854771712.0000000
1,c2,8x16,a53cc1dd7d2490b0,7eaff4edbfdd89ac,http://34.73.40.159:8000/galaxy/,bwa_mem,0.7.17.1,ok,4.0000000,8000.0000000,188.0000000,741096353385.0000000,16000000000.0000000,11436933120.0000000,9223372036854771712.0000000
0,e2,16x32,2138d9e23370493f,9426eadb72701541,http://34.138.22.88:8000/galaxy/,stringtie,2.1.1,ok,1.0000000,2000.0000000,43.0000000,56399138051.0000000,4999999488.0000000,16916480.0000000,9223372036854771712.0000000
1,e2,8x16,6891a40878670c62,99259a3f5197e938,http://34.138.22.88:8000/galaxy/,stringtie,2.1.1,ok,1.0000000,2000.0000000,35.0000000,46453750110.0000000,4999999488.0000000,16818176.0000000,9223372036854771712.0000000
0,e2,4x8,06ce99249061d778,53721d68a5ff923d,http://34.138.22.88:8000/galaxy/,bwa,0.7.17.4,ok,4.0000000,8000.0000000,600.0000000,2028893497819.0000000,16000000000.0000000,11394826240.0000000,9223372036854771712.0000000
0,n1,8x16,68b77645c1492f6d,89152235b2dab7ba,http://35.231.186.105:8000/galaxy/,bwa_mem,0.7.17.1,ok,4.0000000,8000.0000000,259.0000000,1016208828873.0000000,16000000000.0000000,12740255744.0000000,9223372036854771712.0000000
1,e2,16x32,2138d9e23370493f,2eca279e52bdb3d0,http://34.138.22.88:8000/galaxy/,hisat2,2.1.0+galaxy7,ok,2.0000000,4000.0000000,119.0000000,210498933910.0000000,9999998976.0000000,9032368128.0000000,9223372036854771712.0000000
0,n2,default,79e052a475e6668b,8ab117b2e503c4d5,http://34.75.249.162:8000/galaxy/,bwa_mem,0.7.17.1,ok,4.0000000,8000.0000000,603.0000000,797605972273.0000000,16000000000.0000000,8484954112.0000000,9223372036854771712.0000000
0,n1,4x8,91d4a3e115d9cda2,7da77d15fc0191ed,http://35.231.186.105:8000/galaxy/,stringtie,2.1.1,ok,1.0000000,2000.0000000,45.0000000,69183809180.0000000,4999999488.0000000,16932864.0000000,9223372036854771712.0000000
0,c2,8x16,a53cc1dd7d2490b0,2dbff808d1d76c54,http://34.73.40.159:8000/galaxy/,hisat2,2.1.0+galaxy7,ok,2.0000000,4000.0000000,66.0000000,131617391056.0000000,9999998976.0000000,9310531584.0000000,9223372036854771712.0000000
1,n2,16x32,00cc7bba7f14f031,67a214296e5e36b3,http://34.75.249.162:8000/galaxy/,bwa,0.7.17.4,ok,4.0000000,8000.0000000,400.0000000,1354902193340.0000000,16000000000.0000000,11304013824.0000000,9223372036854771712.0000000
1,n2,4x8,8cd9256b535acf7f,4a1ebc34e1cd6d4c,http://34.75.249.162:8000/galaxy/,bowtie2,2.4.2+galaxy0,ok,2.0000000,4000.0000000,345.0000000,691585373685.0000000,9999998976.0000000,7494152192.0000000,9223372036854771712.0000000
1,e2,4x8,06ce99249061d778,c92d77eb191e3a48,http://34.138.22.88:8000/galaxy/,bwa,0.7.17.4,ok,4.0000000,8000.0000000,603.0000000,2036822507551.0000000,16000000000.0000000,11340046336.0000000,9223372036854771712.0000000
0,c2,16x32,4563a60c7ce8a92f,62eef8c4fba7155d,http://34.73.40.159:8000/galaxy/,bwa,0.7.17.4,ok,4.0000000,8000.0000000,379.0000000,1294693762296.0000000,16000000000.0000000,11359490048.0000000,9223372036854771712.0000000
0,n1,default,95a587c8ab73103e,011989b9446cfc56,http://35.231.186.105:8000/galaxy/,bwa_mem,0.7.17.1,ok,4.0000000,8000.0000000,631.0000000,989011153214.0000000,16000000000.0000000,9305366528.0000000,9223372036854771712.0000000
0,c2,default,fd2664cbb575fdf5,9f37a3acc430f989,http://34.73.40.159:8000/galaxy/,stringtie,2.1.1,ok,1.0000000,2000.0000000,29.0000000,42144880511.0000000,4999999488.0000000,16465920.0000000,9223372036854771712.0000000
0,e2,4x8,06ce99249061d778,53721d68a5ff923d,http://34.138.22.88:8000/galaxy/,bowtie2,2.4.2+galaxy0,ok,2.0000000,4000.0000000,426.0000000,834137665927.0000000,9999998976.0000000,7285858304.0000000,9223372036854771712.0000000
1,n1,default,95a587c8ab73103e,e8924317936df9d4,http://35.231.186.105:8000/galaxy/,bowtie2,2.4.2+galaxy0,ok,2.0000000,4000.0000000,429.0000000,853983510618.0000000,9999998976.0000000,7600951296.0000000,9223372036854771712.0000000
1,e2,default,f3571de78c266585,16298b6a83391817,http://34.138.22.88:8000/galaxy/,bowtie2,2.4.2+galaxy0,ok,2.0000000,4000.0000000,431.0000000,835356703060.0000000,9999998976.0000000,7395680256.0000000,9223372036854771712.0000000
0,n1,default,95a587c8ab73103e,011989b9446cfc56,http://35.231.186.105:8000/galaxy/,hisat2,2.1.0+galaxy7,ok,2.0000000,4000.0000000,451.0000000,181904369028.0000000,9999998976.0000000,8234582016.0000000,9223372036854771712.0000000
1,e2,4x8,06ce99249061d778,c92d77eb191e3a48,http://34.138.22.88:8000/galaxy/,bowtie2,2.4.2+galaxy0,ok,2.0000000,4000.0000000,404.0000000,802962966438.0000000,9999998976.0000000,7248928768.0000000,9223372036854771712.0000000
0,e2,4x8,06ce99249061d778,53721d68a5ff923d,http://34.138.22.88:8000/galaxy/,hisat2,2.1.0+galaxy7,ok,2.0000000,4000.0000000,105.0000000,188366673133.0000000,9999998976.0000000,8736198656.0000000,9223372036854771712.0000000
1,c2,default,fd2664cbb575fdf5,7e899c7ccc67d55c,http://34.73.40.159:8000/galaxy/,stringtie,2.1.1,ok,1.0000000,2000.0000000,28.0000000,42411568330.0000000,4999999488.0000000,16257024.0000000,9223372036854771712.0000000
0,e2,4x8,06ce99249061d778,53721d68a5ff923d,http://34.138.22.88:8000/galaxy/,bwa_mem,0.7.17.1,ok,4.0000000,8000.0000000,292.0000000,1132872142365.0000000,16000000000.0000000,9283891200.0000000,9223372036854771712.0000000
1,c2,4x8,2b1f44c39c87bcca,e31277ecf4199b58,http://34.73.40.159:8000/galaxy/,bowtie2,2.4.2+galaxy0,ok,2.0000000,4000.0000000,318.0000000,635212894975.0000000,9999998976.0000000,7533072384.0000000,9223372036854771712.0000000
1,c2,16x32,4563a60c7ce8a92f,a2ee00cea955e8b1,http://34.73.40.159:8000/galaxy/,bowtie2,2.4.2+galaxy0,ok,2.0000000,4000.0000000,319.0000000,637674801652.0000000,9999998976.0000000,7533023232.0000000,9223372036854771712.0000000
1,e2,16x32,2138d9e23370493f,2eca279e52bdb3d0,http://34.138.22.88:8000/galaxy/,stringtie,2.1.1,ok,1.0000000,2000.0000000,35.0000000,46208808289.0000000,4999999488.0000000,17051648.0000000,9223372036854771712.0000000
1,n1,16x32,9a97e21eece60c70,af8549dd761318d1,http://35.231.186.105:8000/galaxy/,stringtie,2.1.1,ok,1.0000000,2000.0000000,48.0000000,74354622485.0000000,4999999488.0000000,16138240.0000000,9223372036854771712.0000000
1,n1,default,95a587c8ab73103e,e8924317936df9d4,http://35.231.186.105:8000/galaxy/,bwa_mem,0.7.17.1,ok,4.0000000,8000.0000000,246.0000000,966127480564.0000000,16000000000.0000000,13484916736.0000000,9223372036854771712.0000000
1,e2,16x32,2138d9e23370493f,2eca279e52bdb3d0,http://34.138.22.88:8000/galaxy/,bwa,0.7.17.4,ok,4.0000000,8000.0000000,633.0000000,2089182502334.0000000,16000000000.0000000,11303755776.0000000,9223372036854771712.0000000
1,e2,default,f3571de78c266585,16298b6a83391817,http://34.138.22.88:8000/galaxy/,hisat2,2.1.0+galaxy7,ok,2.0000000,4000.0000000,102.0000000,179705604113.0000000,9999998976.0000000,8995266560.0000000,9223372036854771712.0000000
0,c2,4x8,2b1f44c39c87bcca,f6c8332a500f294b,http://34.73.40.159:8000/galaxy/,bowtie2,2.4.2+galaxy0,ok,2.0000000,4000.0000000,318.0000000,635611980769.0000000,9999998976.0000000,7340818432.0000000,9223372036854771712.0000000
0,n2,4x8,8cd9256b535acf7f,0f352045104c4f15,http://34.75.249.162:8000/galaxy/,bwa_mem,0.7.17.1,ok,4.0000000,8000.0000000,201.0000000,791978337528.0000000,16000000000.0000000,12385443840.0000000,9223372036854771712.0000000
1,c2,default,fd2664cbb575fdf5,7e899c7ccc67d55c,http://34.73.40.159:8000/galaxy/,bwa,0.7.17.4,ok,4.0000000,8000.0000000,380.0000000,1296868608353.0000000,16000000000.0000000,11303251968.0000000,9223372036854771712.0000000
0,e2,16x32,2138d9e23370493f,9426eadb72701541,http://34.138.22.88:8000/galaxy/,bwa_mem,0.7.17.1,ok,4.0000000,8000.0000000,296.0000000,1116291689850.0000000,16000000000.0000000,11403247616.0000000,9223372036854771712.0000000
0,n1,default,95a587c8ab73103e,011989b9446cfc56,http://35.231.186.105:8000/galaxy/,bwa,0.7.17.4,ok,4.0000000,8000.0000000,699.0000000,1713769765577.0000000,16000000000.0000000,11670753280.0000000,9223372036854771712.0000000
1,e2,4x8,06ce99249061d778,c92d77eb191e3a48,http://34.138.22.88:8000/galaxy/,bwa_mem,0.7.17.1,ok,4.0000000,8000.0000000,272.0000000,1042182766256.0000000,16000000000.0000000,10828701696.0000000,9223372036854771712.0000000
0,c2,default,fd2664cbb575fdf5,9f37a3acc430f989,http://34.73.40.159:8000/galaxy/,bwa,0.7.17.4,ok,4.0000000,8000.0000000,661.0000000,1288398892642.0000000,16000000000.0000000,11635396608.0000000,9223372036854771712.0000000
0,n1,8x16,68b77645c1492f6d,89152235b2dab7ba,http://35.231.186.105:8000/galaxy/,stringtie,2.1.1,ok,1.0000000,2000.0000000,49.0000000,76596624259.0000000,4999999488.0000000,16695296.0000000,9223372036854771712.0000000
1,e2,default,f3571de78c266585,16298b6a83391817,http://34.138.22.88:8000/galaxy/,bwa,0.7.17.4,ok,4.0000000,8000.0000000,609.0000000,2079759171842.0000000,16000000000.0000000,11324067840.0000000,9223372036854771712.0000000
0,n1,4x8,91d4a3e115d9cda2,7da77d15fc0191ed,http://35.231.186.105:8000/galaxy/,bowtie2,2.4.2+galaxy0,ok,2.0000000,4000.0000000,423.0000000,847893983431.0000000,9999998976.0000000,7479431168.0000000,9223372036854771712.0000000
0,c2,4x8,2b1f44c39c87bcca,f6c8332a500f294b,http://34.73.40.159:8000/galaxy/,bwa,0.7.17.4,ok,4.0000000,8000.0000000,378.0000000,1292374956574.0000000,16000000000.0000000,11362246656.0000000,9223372036854771712.0000000
0,n2,default,79e052a475e6668b,8ab117b2e503c4d5,http://34.75.249.162:8000/galaxy/,stringtie,2.1.1,ok,1.0000000,2000.0000000,33.0000000,47561182952.0000000,4999999488.0000000,16207872.0000000,9223372036854771712.0000000
0,c2,8x16,a53cc1dd7d2490b0,2dbff808d1d76c54,http://34.73.40.159:8000/galaxy/,bwa,0.7.17.4,ok,4.0000000,8000.0000000,380.0000000,1300324926875.0000000,16000000000.0000000,11361099776.0000000,9223372036854771712.0000000
0,n1,16x32,9a97e21eece60c70,1ddf2c69353cf6a4,http://35.231.186.105:8000/galaxy/,bwa,0.7.17.4,ok,4.0000000,8000.0000000,546.0000000,1822562459390.0000000,16000000000.0000000,11360698368.0000000,9223372036854771712.0000000
0,n2,8x16,5e16d22a8a32baa9,12c3019192244338,http://34.75.249.162:8000/galaxy/,bwa_mem,0.7.17.1,ok,4.0000000,8000.0000000,199.0000000,785114559644.0000000,16000000000.0000000,11761577984.0000000,9223372036854771712.0000000
0,c2,16x32,4563a60c7ce8a92f,62eef8c4fba7155d,http://34.73.40.159:8000/galaxy/,bwa_mem,0.7.17.1,ok,4.0000000,8000.0000000,187.0000000,738290730401.0000000,16000000000.0000000,12357836800.0000000,9223372036854771712.0000000
1,n1,8x16,68b77645c1492f6d,3eaebb45f34866e9,http://35.231.186.105:8000/galaxy/,hisat2,2.1.0+galaxy7,ok,2.0000000,4000.0000000,92.0000000,183439318991.0000000,9999998976.0000000,8993992704.0000000,9223372036854771712.0000000
1,n2,16x32,00cc7bba7f14f031,67a214296e5e36b3,http://34.75.249.162:8000/galaxy/,stringtie,2.1.1,ok,1.0000000,2000.0000000,32.0000000,43122094165.0000000,4999999488.0000000,15708160.0000000,9223372036854771712.0000000
1,c2,default,fd2664cbb575fdf5,7e899c7ccc67d55c,http://34.73.40.159:8000/galaxy/,bwa_mem,0.7.17.1,ok,4.0000000,8000.0000000,186.0000000,735311288471.0000000,16000000000.0000000,13363056640.0000000,9223372036854771712.0000000
1,n2,8x16,5e16d22a8a32baa9,6282b6c085419a78,http://34.75.249.162:8000/galaxy/,bwa,0.7.17.4,ok,4.0000000,8000.0000000,401.0000000,1360667432835.0000000,16000000000.0000000,11304103936.0000000,9223372036854771712.0000000
0,c2,8x16,a53cc1dd7d2490b0,2dbff808d1d76c54,http://34.73.40.159:8000/galaxy/,stringtie,2.1.1,ok,1.0000000,2000.0000000,29.0000000,42305511974.0000000,4999999488.0000000,16912384.0000000,9223372036854771712.0000000
1,n2,default,79e052a475e6668b,79e2b3bcad4c7e04,http://34.75.249.162:8000/galaxy/,hisat2,2.1.0+galaxy7,ok,2.0000000,4000.0000000,74.0000000,143976186321.0000000,9999998976.0000000,8993730560.0000000,9223372036854771712.0000000
1,n1,4x8,91d4a3e115d9cda2,672690a385b83e39,http://35.231.186.105:8000/galaxy/,bwa,0.7.17.4,ok,4.0000000,8000.0000000,507.0000000,1696933738022.0000000,16000000000.0000000,11304022016.0000000,9223372036854771712.0000000
1,c2,4x8,2b1f44c39c87bcca,e31277ecf4199b58,http://34.73.40.159:8000/galaxy/,bwa,0.7.17.4,ok,4.0000000,8000.0000000,382.0000000,1306156010301.0000000,16000000000.0000000,11303895040.0000000,9223372036854771712.0000000
0,n2,8x16,5e16d22a8a32baa9,12c3019192244338,http://34.75.249.162:8000/galaxy/,bowtie2,2.4.2+galaxy0,ok,2.0000000,4000.0000000,343.0000000,687770815770.0000000,9999998976.0000000,7586160640.0000000,9223372036854771712.0000000
