,month_year,avg_cpu_time,tool_name_version
1, 2021-05 ,7.145975256659485e+18,disco/1.2.0
2, 2021-05 ,6.402687096199536e+18,trinity/2.9.1
3, 2021-05 ,5.472324463177353e+18,ncbi_blastx_wrapper/2.10.1+galaxy0
4, 2021-05 ,5.230971783260312e+18,trinity/2.9.1+galaxy1
5, 2021-05 ,3.4271748460949243e+18,gubbins/0.1.0
6, 2021-05 ,3.353011446170356e+18,maxquant/1.6.10.43+galaxy3
7, 2021-05 ,3.241351872785558e+18,trinity_align_and_estimate_abundance/2.9.1+galaxy1
8, 2021-05 ,2.8071260183786194e+18,vegan_rarefaction/2.4-3
9, 2021-05 ,2.5281622874079954e+18,ncbi_blastp_wrapper/2.10.1+galaxy0
10, 2021-05 ,1.9928532726149297e+18,busco/4.1.2
11, 2021-05 ,1.6090423740761523e+18,fastq_groomer/1.1.1
12, 2021-05 ,1.369145431146074e+18,tophat2/0.9
13, 2021-05 ,1.2397063015529915e+18,unicycler/0.4.8.0
14, 2021-05 ,1.2159395076430592e+18,deeptools_bigwig_compare/3.3.2.0.0
15, 2021-05 ,1.14866890658964e+18,rnaspades/3.9.0.2
16, 2021-05 ,1.0452245445852556e+18,tophat2/2.1.1
17, 2021-05 ,1.0172127329302813e+18,hyphy_prime/2.5.31+galaxy1
18, 2021-05 ,9.481470989462884e+17,flye/2.6
19, 2021-05 ,8.506665470522212e+17,metaspades/3.9.0
20, 2021-05 ,7.632037188441107e+17,spades/3.12.0+galaxy1
21, 2021-05 ,7.52222333803859e+17,bowtie2/2.3.4.2
22, 2021-05 ,7.368014267128658e+17,bwa_mem/0.7.15.1
23, 2021-05 ,6.79680935925183e+17,tophat2/2.1.0
24, 2021-05 ,6.795186920900658e+17,lofreq_alnqual/2.1.5+galaxy0
25, 2021-05 ,5.977239651013992e+17,megablast_wrapper/1.2.0
26, 2021-05 ,5.921416563421153e+17,plant_tribes_gene_family_classifier/1.0.3.0
27, 2021-05 ,5.824084809516302e+17,mimodd_varcall/0.1.9
28, 2021-05 ,5.5147140979987366e+17,deeptools_multi_bam_summary/3.3.2.0.0
29, 2021-05 ,5.1234448537580666e+17,microsatellite/1.0.0
30, 2021-05 ,4.5832753740485766e+17,rseqc_geneBody_coverage/2.6.4.3
31, 2021-05 ,3.665614214470889e+17,rnaspades/3.9.0.1
32, 2021-05 ,3.493654026027869e+17,pileup_parser/1.0.2
33, 2021-05 ,3.14528537668614e+17,deeptools_compute_matrix/3.1.2.0.0
34, 2021-05 ,3.0478965015492045e+17,bwameth/0.2.2
35, 2021-05 ,3.0202393520729325e+17,rna_star/2.7.8a
36, 2021-05 ,3.007559302418198e+17,rna_starsolo/2.7.8a
37, 2021-05 ,2.8957012927870694e+17,bowtie2/2.4.2+galaxy0
38, 2021-05 ,2.8483946160374064e+17,CONVERTER_sam_to_bigwig_0/CONVERTER_sam_to_bigwig_0
39, 2021-05 ,2.8142165575280192e+17,megahit/1.1.3.5
40, 2021-05 ,2.6219909845042653e+17,iqtree/1.5.5.3
41, 2021-05 ,2.495261980988752e+17,repeatmasker_wrapper/4.0.9
42, 2021-05 ,2.492453721853159e+17,rbc_mafft/7.221.3
43, 2021-05 ,2.4661837411883418e+17,roary/3.13.0+galaxy1
44, 2021-05 ,2.3563983406761088e+17,busco/5.0.0+galaxy0
45, 2021-05 ,2.229771997326576e+17,bwa/0.7.17.4
46, 2021-05 ,2.037276895834272e+17,trinity_align_and_estimate_abundance/2.9.1
47, 2021-05 ,1.984826464717862e+17,cuffdiff/2.2.1.6
48, 2021-05 ,1.776052299300706e+17,sam_pileup/1.1.3
49, 2021-05 ,1.6841425493308512e+17,maker/2.31.11
50, 2021-05 ,1.551522761928806e+17,spaln/2.4.03+galaxy0
51, 2021-05 ,1.42317293412668e+17,bwa_mem/0.7.17.1
52, 2021-05 ,1.3983380066000824e+17,plant_tribes_assembly_post_processor/1.0.3.0
53, 2021-05 ,1.3694111145484269e+17,velvetoptimiser/2.2.6
54, 2021-05 ,1.2668649107013576e+17,freebayes/1.3.1
55, 2021-05 ,1.1596049813667184e+17,augustus_training/3.3.3
56, 2021-05 ,1.1228397086821992e+17,mothur_cluster_split/1.39.5.0
57, 2021-05 ,1.0477565349827536e+17,hyphy_absrel/2.5.31+galaxy1
58, 2021-05 ,1.0371344890031096e+17,hisat2/2.1.0+galaxy4
59, 2021-05 ,1.0056850609422248e+17,dexseq/1.28.1+galaxy1
60, 2021-05 ,9.480792783108723e+16,meme_chip/4.11.2+galaxy1
61, 2021-05 ,9.424550708296394e+16,fasterq_dump/2.10.9+galaxy0
62, 2021-05 ,9.413900099735614e+16,idba_ud/1.1.3+galaxy1
63, 2021-05 ,8.900741234614504e+16,hisat2/2.1.0+galaxy5
64, 2021-05 ,8.619497991113355e+16,augustus/3.3.3
65, 2021-05 ,8.038275267837555e+16,minimap2/2.17+galaxy4
66, 2021-05 ,8.009385814456117e+16,bioext_bealign/0.19.7.0
67, 2021-05 ,7.913506321055586e+16,fastq_paired_end_deinterlacer/1.1.5
68, 2021-05 ,7.667510861333666e+16,cufflinks/2.2.1.3
69, 2021-05 ,7.485716702042355e+16,lofreq_call/2.1.5+galaxy1
70, 2021-05 ,7.287041369531426e+16,__EXPORT_HISTORY__/__EXPORT_HISTORY__
71, 2021-05 ,7.265381705254102e+16,dexseq_count/1.28.1.0
72, 2021-05 ,7.169442531599939e+16,fastq_quality_trimmer/1.1.5
73, 2021-05 ,7.133043356147359e+16,vsearch_chimera_detection/1.9.7.0
74, 2021-05 ,6.674189319488153e+16,unicycler/0.4.6.0
75, 2021-05 ,6.500319029941624e+16,fastqe/0.2.6+galaxy1
76, 2021-05 ,6.384894286211881e+16,kpca1/1.0.0
77, 2021-05 ,6.303696777486444e+16,bowtie2/2.3.4.1
78, 2021-05 ,6.223837636509113e+16,porechop/0.2.3
79, 2021-05 ,6.188605297177444e+16,fastq_paired_end_splitter/1.1.5
80, 2021-05 ,5.7054238063373e+16,__EXPORT_HISTORY_TO_URI__/__EXPORT_HISTORY_TO_URI__
81, 2021-05 ,5.66534668835468e+16,naive_variant_caller/0.0.4
82, 2021-05 ,5.589154727604097e+16,shovill/1.1.0+galaxy0
83, 2021-05 ,5.487694040389588e+16,deeptools_plot_fingerprint/3.3.2.0.0
84, 2021-05 ,5.438366039082409e+16,fastq_stats/1.1.5
85, 2021-05 ,5.327231350815049e+16,prokka/1.14.5+galaxy0
86, 2021-05 ,5.104285798403521e+16,fastq_groomer/1.1.5
87, 2021-05 ,5.0971993968499096e+16,fastq_paired_end_joiner/2.0.1.1+galaxy0
88, 2021-05 ,5.012340824178371e+16,ncbi_blastn_wrapper/2.10.1+galaxy0
89, 2021-05 ,5.005821548630272e+16,CONVERTER_bam_to_qname_sorted_bam/CONVERTER_bam_to_qname_sorted_bam
90, 2021-05 ,4.876463412286949e+16,fasterq_dump/2.10.8+galaxy0
91, 2021-05 ,4.807790013599621e+16,clustalw/2.1
92, 2021-05 ,4.761351162676666e+16,fastq_groomer/1.0.4
93, 2021-05 ,4.650494118377598e+16,rna_star/2.7.5b
94, 2021-05 ,4.614505936400904e+16,fastq_dump/2.10.9+galaxy0
95, 2021-05 ,4.398963495647061e+16,hyphy_fade/2.5.31+galaxy1
96, 2021-05 ,4.315489377120072e+16,bowtie2/2.3.4.3+galaxy0
97, 2021-05 ,4.280672556878669e+16,fastq_filter/1.1.5
98, 2021-05 ,4.113007700377309e+16,shovill/1.0.4+galaxy1
99, 2021-05 ,4.04738360857922e+16,freebayes/1.1.0.46-0
100, 2021-05 ,4.025231756951434e+16,egsea/1.10.0
101, 2021-05 ,3.862230843432537e+16,htseq_count/0.9.1
102, 2021-05 ,3.715048713019753e+16,bwa/0.7.12.1
103, 2021-05 ,3.697483389441366e+16,varscan_somatic/2.4.3.6
104, 2021-05 ,3.561319728502252e+16,cuffdiff/2.2.1.3
105, 2021-05 ,3.545886436643001e+16,dada2_learnErrors/1.18+galaxy0
106, 2021-05 ,3.5155464855141244e+16,cshl_fastx_clipper/1.0.1
107, 2021-05 ,3.2477003256599264e+16,quast/5.0.2+galaxy1
108, 2021-05 ,3.235223481020548e+16,bowtie2/2.3.4.3
109, 2021-05 ,3.154401794418049e+16,mothur_seq_error/1.39.5.0
110, 2021-05 ,3.0496911353177652e+16,hisat2/2.1.0+galaxy7
111, 2021-05 ,2.953843872458969e+16,volcanoplot/0.0.3
112, 2021-05 ,2.8605956431141916e+16,gops_join_1/1.0.0
113, 2021-05 ,2.839161030131574e+16,fastq_quality_trimmer/1.0.0
114, 2021-05 ,2.6618343951141584e+16,pizzly/0.37.3.1
115, 2021-05 ,2.6254769133256496e+16,fastq_dump/2.10.8+galaxy0
116, 2021-05 ,2.615455443767469e+16,progressivemauve/2015_02_13.0
117, 2021-05 ,2.562923441437784e+16,seqtk_dropse/1.3.1
118, 2021-05 ,2.4061548808847584e+16,samtools_mpileup/2.1.4
119, 2021-05 ,2.3985404793839696e+16,split_file_to_collection/0.5.0
120, 2021-05 ,2.334780880575717e+16,trim_galore/0.6.3
121, 2021-05 ,2.2022206257223324e+16,picard_FixMateInformation/2.18.2.1
122, 2021-05 ,2.163558304689201e+16,mothur_classify_seqs/1.39.5.0
123, 2021-05 ,2.070367219646818e+16,fargene/0.1+galaxy1
124, 2021-05 ,2.053508247030677e+16,idba_tran/1.1.3+galaxy0
125, 2021-05 ,2.0410566699553444e+16,scpipe/1.0.0+galaxy2
126, 2021-05 ,2.0200561508403904e+16,samtools_bedcov/2.0.2
127, 2021-05 ,1.951151532122676e+16,transdecoder/5.5.0+galaxy1
128, 2021-05 ,1.937104252777427e+16,fastq_dump/2.10.4+galaxy1
129, 2021-05 ,1.865818339775908e+16,mothur_align_seqs/1.39.5.0
130, 2021-05 ,1.831554254421405e+16,hyphy_relax/2.5.31+galaxy1
131, 2021-05 ,1.8086645922028428e+16,samtools_rmdup/2.0.1
132, 2021-05 ,1.8017777277815332e+16,samtools_view/1.9+galaxy3
133, 2021-05 ,1.7708450549754052e+16,gd_raxml/1.0.0
134, 2021-05 ,1.7372086519318964e+16,fastq_dump/2.9.1.3
135, 2021-05 ,1.600411478185794e+16,samtools_depth/1.9
136, 2021-05 ,1.5829962967523588e+16,rna_star/2.7.2b
137, 2021-05 ,1.5003578466321132e+16,bg_diamond/0.9.29.0
138, 2021-05 ,1.4352321288110072e+16,mothur_fastq_info/1.39.5.0
139, 2021-05 ,1.3397448798094318e+16,deeptools_bam_coverage/3.3.0.0.0
140, 2021-05 ,1.3216017956556248e+16,rna_star/2.7.7a
141, 2021-05 ,1.1874040446199472e+16,unipept/4.3.0
142, 2021-05 ,1.1801074079774256e+16,pilon/1.20.1
143, 2021-05 ,1.132710184892486e+16,bcftools_mpileup/1.10
144, 2021-05 ,1.0798142785849596e+16,maxbin2/2.2.7+galaxy2
145, 2021-05 ,1.0575128682894736e+16,umi_tools_extract/0.5.5.1
146, 2021-05 ,1.0120531555077468e+16,picard_MergeSamFiles/2.18.2.1
147, 2021-05 ,1.0071240389904e+16,kallisto_pseudo/0.43.1.1
148, 2021-05 ,9991254193162356.0,deeptools_compute_matrix/3.3.2.0.0
149, 2021-05 ,9846532629660944.0,bowtie_wrapper/1.2.0
150, 2021-05 ,9649910069798716.0,fastq_manipulation/1.1.5
151, 2021-05 ,9290592885872148.0,fastq_paired_end_interlacer/1.2.0.1+galaxy0
152, 2021-05 ,8446737896290893.0,busco/4.1.4
153, 2021-05 ,8272695203745651.0,varscan/2.4.2
154, 2021-05 ,8045809748687872.0,hyphy_busted/2.5.31+galaxy1
155, 2021-05 ,8008401812636755.0,ncbi_acc_download/0.2.5+galaxy0
156, 2021-05 ,7994113872558355.0,snippy/4.5.0
157, 2021-05 ,7928422084157482.0,salmon/1.3.0+galaxy1
158, 2021-05 ,7103251446628474.0,exonerate/2.4.0+galaxy2
159, 2021-05 ,7015038236306671.0,varscan_mpileup/2.4.3.1
160, 2021-05 ,6954154506173184.0,mothur_pre_cluster/1.39.5.0
161, 2021-05 ,6904349510637620.0,bamtools/0.0.2
162, 2021-05 ,6729053478566532.0,fastq_trimmer/1.1.5
163, 2021-05 ,6059529467112760.0,charts/1.0.1
164, 2021-05 ,5942804063036350.0,cshl_fastx_renamer/0.0.14+galaxy1
165, 2021-05 ,5845776087128473.0,bedtools_genomecoveragebed/2.30.0
166, 2021-05 ,5667268949730990.0,deeptools_bam_coverage/3.3.2.0.0
167, 2021-05 ,5583473230475446.0,bowtie2/2.2.6.2
168, 2021-05 ,5464366596949174.0,stringtie/2.1.1
169, 2021-05 ,5351013339020962.0,deeptools_plot_enrichment/3.3.2.0.0
170, 2021-05 ,5343983639237849.0,CONVERTER_bam_to_bigwig_0/CONVERTER_bam_to_bigwig_0
171, 2021-05 ,5246035282697034.0,cuffmerge/2.2.1.1
172, 2021-05 ,5157262576221431.0,mimodd_sort/0.1.9
173, 2021-05 ,4862537595619425.0,deeptools_bam_compare/3.3.2.0.0
174, 2021-05 ,4856132557585557.0,EMBOSS: plotcon75/5.0.0.1
175, 2021-05 ,4779655689692946.0,bedtools_coveragebed/2.29.2
176, 2021-05 ,4763688093630722.0,trim_galore/0.4.3.1
177, 2021-05 ,4623011022662870.0,samtools_merge/1.9
178, 2021-05 ,4524185000177190.0,rna_star/2.6.0b-1
179, 2021-05 ,4504424671855898.0,CONVERTER_cram_to_bam_0/CONVERTER_cram_to_bam_0
180, 2021-05 ,4497326271034020.0,fasta_concatenate0/0.0.1
181, 2021-05 ,4389853681248832.0,iterative_map_pipeline/1.0
182, 2021-05 ,4364041823488857.5,varscan_copynumber/2.4.3.2
183, 2021-05 ,4261961229341433.0,crossmap_bam/0.3.7+galaxy1
184, 2021-05 ,4144913508210481.5,cuffquant/2.2.1.1
185, 2021-05 ,3992121261560983.0,bg_diamond_makedb/0.9.29
186, 2021-05 ,3980180654863906.5,mothur_make_contigs/1.39.5.1
187, 2021-05 ,3902123924602539.0,mothur_make_contigs/1.39.5.0
188, 2021-05 ,3851490116459037.0,picard_SortSam/2.18.2.1
189, 2021-05 ,3392718919748815.5,t_test_two_samples/1.0.1
190, 2021-05 ,3370592973212543.5,bacteria_tradis/1.4.5+galaxy2
191, 2021-05 ,3327724774966660.0,rseqc_bam2wig/2.6.4
192, 2021-05 ,3327427561037925.0,deeptools_compute_matrix/3.3.0.0.0
193, 2021-05 ,3260099126241360.0,cutadapt/1.16.1
194, 2021-05 ,3135929240291224.0,rseqc_RPKM_saturation/2.6.4.1
195, 2021-05 ,3102097909111564.5,samtools_fastx/1.9+galaxy1
196, 2021-05 ,2933941845010034.0,bamSplit/2.4.0
197, 2021-05 ,2851874870307285.0,rseqc_tin/2.6.4.1
198, 2021-05 ,2834852264466807.5,cutadapt/1.16.6
199, 2021-05 ,2594644355941221.0,ococo/0.1.2.6
200, 2021-05 ,2581725470589275.5,picard_MarkDuplicates/2.18.2.2
201, 2021-05 ,2487170118290303.0,meme_fimo/5.0.5.0
202, 2021-05 ,2393615631590230.0,deeptools_bam_coverage/3.1.2.0.0
203, 2021-05 ,2368966345455981.0,picard_ReorderSam/2.18.2.1
204, 2021-05 ,2204934113690092.0,trimmomatic/0.38.0
205, 2021-05 ,2088035427795822.0,bamleftalign/1.1.0.46-0
206, 2021-05 ,2084069376957741.2,lofreq_call/2.1.5+galaxy0
207, 2021-05 ,2067942199027680.0,fastq_paired_end_joiner/2.0.1.1
208, 2021-05 ,2029319979080325.5,cshl_fastq_to_fasta/1.0.2
209, 2021-05 ,1922402367503894.5,deeptools_plot_coverage/3.3.2.0.0
210, 2021-05 ,1901706885727993.5,picard_MarkDuplicatesWithMateCigar/2.18.2.1
211, 2021-05 ,1880664543435222.0,cuffnorm/2.2.1.3
212, 2021-05 ,1856874588831748.8,sam_dump/2.10.9+galaxy0
213, 2021-05 ,1835741706292764.8,mimodd_convert/0.1.9
214, 2021-05 ,1814913063780197.2,mothur_pairwise_seqs/1.39.5.0
215, 2021-05 ,1787082019307635.5,seqtk_seq/1.3.3
216, 2021-05 ,1776756290775145.5,hyphy_fel/2.5.31+galaxy1
217, 2021-05 ,1750668454475450.0,bedtools_unionbedgraph/2.30.0
218, 2021-05 ,1739404360654342.2,CONVERTER_fasta_to_bowtie_base_index/CONVERTER_fasta_to_bowtie_base_index
219, 2021-05 ,1703899465348785.5,macs2_callpeak/2.1.1.20160309.6
220, 2021-05 ,1694457754487351.8,bamtools_split/2.4.0
221, 2021-05 ,1639620429669850.0,CONVERTER_bam_to_coodinate_sorted_bam/CONVERTER_bam_to_coodinate_sorted_bam
222, 2021-05 ,1630021819216425.5,pathview/1.24.0+galaxy0
223, 2021-05 ,1627536734132152.5,mummer_nucmer/4.0.0beta2+galaxy1
224, 2021-05 ,1571083820976547.0,cshl_fastx_trimmer/1.0.2+galaxy0
225, 2021-05 ,1539309656497024.8,kraken/1.3.1
226, 2021-05 ,1513640752004822.8,pipelign/0.2+galaxy0
227, 2021-05 ,1463285752357265.5,crossmap_wig/0.3.7+galaxy1
228, 2021-05 ,1445678467078925.2,cuffmerge/0.0.5
229, 2021-05 ,1393292278207220.0,cshl_fastx_clipper/1.0.3+galaxy0
230, 2021-05 ,1387850750932375.0,transdecoder/3.0.1
231, 2021-05 ,1292060730511262.2,kallisto_quant/0.46.0.4
232, 2021-05 ,1265660571419356.8,mimodd_varextract/0.1.9
233, 2021-05 ,1262389048707579.0,sam_dump/2.10.8+galaxy0
234, 2021-05 ,1230508028011017.5,samtools_sort/2.0.3
235, 2021-05 ,1127833173631018.5,prokka/1.13
236, 2021-05 ,1092635393668485.0,freebayes/0.4.1
237, 2021-05 ,1061070680680320.4,meme_meme/5.0.5.0
238, 2021-05 ,1059004745379547.6,trimmomatic/0.36.6
239, 2021-05 ,1052201509967333.2,trinotate/3.2.1
240, 2021-05 ,1036367868672756.4,macs2_bdgcmp/2.1.1.20160309.0
241, 2021-05 ,1022101806450205.6,hyphy_meme/2.5.31+galaxy2
242, 2021-05 ,1002042120570973.2,deeptools_multi_bigwig_summary/3.3.2.0.0
243, 2021-05 ,1001854576839558.0,bam_to_sam/2.0.1
244, 2021-05 ,930526529617247.6,duplex/0.3
245, 2021-05 ,919447602773598.9,diffbind/2.10.0
246, 2021-05 ,914522250430921.2,hyphy_cfel/2.5.31+galaxy1
247, 2021-05 ,911711236229065.9,khmer_partition/3.0.0a3+galaxy1
248, 2021-05 ,899319912638780.0,sickle/1.33.2
249, 2021-05 ,857456402994695.9,bcftools_isec/1.10
250, 2021-05 ,847049898282957.2,bcftools_merge/1.10
251, 2021-05 ,821794149096783.4,trimmomatic/0.36.5
252, 2021-05 ,793463765479153.8,bcftools_call/1.10
253, 2021-05 ,791296757091272.0,sailfish/0.10.1.1
254, 2021-05 ,788740769276229.1,kc-align/1.0.2
255, 2021-05 ,775844370830514.8,mothur_clearcut/1.39.5.0
256, 2021-05 ,727018353069897.0,cshl_fastq_quality_filter/1.0.2+galaxy0
257, 2021-05 ,723007530742650.2,sam_to_bam/2.1.1
258, 2021-05 ,715476821471069.2,EMBOSS: prettyplot79/5.0.0.1
259, 2021-05 ,714906785392702.5,bamFilter/2.4.1
260, 2021-05 ,709260343252830.0,vcffilter2/1.0.0_rc3+galaxy3
261, 2021-05 ,700743424810464.0,shovill/1.0.4+galaxy0
262, 2021-05 ,692521130134096.8,join1/join1
263, 2021-05 ,688160548963442.8,samtools_idxstats/2.0
264, 2021-05 ,686207034787444.0,bowtie2/2.3.2.2
265, 2021-05 ,672505143289682.4,bedtools_windowbed/2.30.0
266, 2021-05 ,645692110814146.0,hhsearch/3.2.0+galaxy0
267, 2021-05 ,644966227249380.1,qualimap_bamqc/2.2.2c
268, 2021-05 ,644932954407354.5,snpEff/4.3+T.galaxy1
269, 2021-05 ,637819156865907.9,cshl_fastx_quality_statistics/1.0.1
270, 2021-05 ,636151708754090.5,aggregate_scores_in_intervals2/aggregate_scores_in_intervals2
271, 2021-05 ,633603871184068.4,picard_MarkDuplicates/2.7.1.1
272, 2021-05 ,623404731375009.5,Grouping1/Grouping1
273, 2021-05 ,615571211359054.1,mlst/2.19.0
274, 2021-05 ,606515870410904.8,bedtools_coveragebed/2.30.0
275, 2021-05 ,583043535936667.1,picard_MergeBamAlignment/2.18.2.1
276, 2021-05 ,580993344474800.0,megahit/1.1.3.4
277, 2021-05 ,555583946502078.0,deeptools_plot_coverage/3.3.0.0.0
278, 2021-05 ,544579778294828.2,vcfsort/1.0.0_rc3+galaxy0
279, 2021-05 ,533623732645169.5,macs2_bdgdiff/2.1.1.20160309.1
280, 2021-05 ,529137470227232.0,hisat2/2.1.0+galaxy3
281, 2021-05 ,520284334442262.0,cuffdiff/2.2.1.2
282, 2021-05 ,510770590666697.25,trinotate/3.1.1
283, 2021-05 ,509276698647777.6,deseq2/2.11.40.6+galaxy1
284, 2021-05 ,507926975438162.3,rseqc_FPKM_count/2.6.4.1
285, 2021-05 ,500550197717827.8,velvetg/1.2.10.2
286, 2021-05 ,457041120794838.75,mothur_filter_seqs/1.39.5.0
287, 2021-05 ,444948964383160.2,bamleftalign/1.3.1
288, 2021-05 ,435556781181295.5,samtools_phase/2.0.1
289, 2021-05 ,429041002360499.5,mothur_chimera_vsearch/1.39.5.2
290, 2021-05 ,425281753363518.06,ngsutils_bam_filter/0.5.9
291, 2021-05 ,415801012281188.0,lastz_wrapper_2/1.3.3
292, 2021-05 ,414985212830364.0,crossmap_gff/0.3.7+galaxy1
293, 2021-05 ,413940172716734.8,multiqc/1.8+galaxy1
294, 2021-05 ,409154225823849.75,mothur_screen_seqs/1.39.5.1
295, 2021-05 ,408877696908702.0,cuffdiff/2.2.1.5
296, 2021-05 ,407473376000156.0,khmer_count_median/3.0.0a3+galaxy1
297, 2021-05 ,391839285721482.4,bwa_wrapper/1.2.3
298, 2021-05 ,389945338216279.6,prinseq/0.20.4
299, 2021-05 ,389086273810723.2,CONVERTER_interval_to_bedstrict_0/CONVERTER_interval_to_bedstrict_0
300, 2021-05 ,383122688424646.06,rseqc_read_distribution/2.6.4.1
301, 2021-05 ,382203758792706.06,samtools_split/1.9
302, 2021-05 ,379020351281656.75,picard_MarkDuplicates/2.18.2.1
303, 2021-05 ,374080273009873.7,transit_hmm/3.0.2+galaxy0
304, 2021-05 ,365191485341630.5,hyphy_bgm/2.5.31+galaxy2
305, 2021-05 ,359481504138533.94,EMBOSS: transeq101/5.0.0
306, 2021-05 ,346280556167078.4,CONVERTER_vcf_bgzip_to_tabix_0/CONVERTER_vcf_bgzip_to_tabix_0
307, 2021-05 ,342739658581944.25,peakcalling_sicer/1.1
308, 2021-05 ,342146771539942.6,melt/1.4.2
309, 2021-05 ,323767883799393.3,CONVERTER_interval_to_bed_0/CONVERTER_interval_to_bed_0
310, 2021-05 ,315905096973435.25,ebi_sra_main/ebi_sra_main
311, 2021-05 ,313699019567178.0,make_families/0.3
312, 2021-05 ,309990221630243.9,seqtk_sample/1.3.2
313, 2021-05 ,295179383629387.1,qualimap_rnaseq/2.2.2d+galaxy1
314, 2021-05 ,294238241413145.5,prokka/1.12.0
315, 2021-05 ,286082573751840.6,vsearch_chimera_detection/2.8.3.0
316, 2021-05 ,285007505447518.6,multigps/0.74.0
317, 2021-05 ,274209819385748.28,dada2_dada/1.18+galaxy0
318, 2021-05 ,272254385070527.84,bedtools_intersectbed/2.29.0
319, 2021-05 ,263386132229622.0,gmx_em/2020.2+galaxy0
320, 2021-05 ,259549542443020.0,diffbind/2.6.5.0
321, 2021-05 ,248284219358666.62,samtools_calmd/2.0.2
322, 2021-05 ,243787764709630.75,picard_EstimateLibraryComplexity/2.18.2.1
323, 2021-05 ,232771084085787.53,prokka/1.14.5
324, 2021-05 ,223715024755523.72,samtools_view/1.9+galaxy1
325, 2021-05 ,221352446879728.72,fastp/0.19.5+galaxy1
326, 2021-05 ,220687197897411.0,make_families/2.15
327, 2021-05 ,217233761923363.28,samtools_fixmate/1.9
328, 2021-05 ,213563454791386.72,bedtools_bamtofastq/2.27.1
329, 2021-05 ,211967577416507.25,fasta-stats/1.0.1
330, 2021-05 ,204728260727800.0,ncbi_makeblastdb/2.10.1+galaxy0
331, 2021-05 ,195225218536748.12,trinity_super_transcripts/2.9.1
332, 2021-05 ,194184345109016.4,CONVERTER_Bam_Bai_0/CONVERTER_Bam_Bai_0
333, 2021-05 ,191428918775239.72,fastq_to_tabular/1.1.5
334, 2021-05 ,188346612807609.6,datamash_transpose/1.1.0
335, 2021-05 ,187402310067813.84,macs2_filterdup/2.1.1.20160309.1
336, 2021-05 ,176472449634551.38,scanpy_remove_confounders/1.7.1+galaxy0
337, 2021-05 ,175905700928454.47,column_remove_by_header/0.0.1
338, 2021-05 ,175561296996737.5,bcftools_query/1.10
339, 2021-05 ,174210977483367.66,mothur_rarefaction_shared/1.39.5.0
340, 2021-05 ,172068423705282.25,medaka_consensus_pipeline/1.0.3+galaxy2
341, 2021-05 ,170920594823935.75,samtools_sort/2.0
342, 2021-05 ,170541185425726.8,rseqc_mismatch_profile/2.6.4
343, 2021-05 ,169377982290099.84,gatk4_mutect2/4.1.7.0+galaxy02
344, 2021-05 ,167405267142963.0,medaka_variant_pipeline/1.0.3+galaxy1
345, 2021-05 ,162542397229009.5,vcftools_slice/0.1
346, 2021-05 ,161068595772179.3,seqtk_trimfq/1.3.1
347, 2021-05 ,159559775784959.5,fasterq_dump/2.10.7+galaxy2
348, 2021-05 ,157562070635004.8,anndata_inspect/0.7.5+galaxy0
349, 2021-05 ,157283877565162.75,filtlong/0.2.0
350, 2021-05 ,151040403104239.0,cshl_fastq_quality_filter/1.0.2
351, 2021-05 ,150304733831109.84,crosscontamination_barcode_filter/0.3
352, 2021-05 ,149361504170289.9,cuffcompare/2.2.1.2
353, 2021-05 ,148925562202660.0,mothur_classify_tree/1.39.5.0
354, 2021-05 ,148417438149487.5,fasterq_dump/2.10.4
355, 2021-05 ,142953708687135.3,diffbind/2.6.6.4
356, 2021-05 ,142440429593788.84,seqtk_mergefa/1.3.1
357, 2021-05 ,140786477964507.62,dropletutils/1.10.0+galaxy1
358, 2021-05 ,140442879254276.72,bioext_bam2msa/0.19.7.0
359, 2021-05 ,136891236389625.0,transdecoder/5.5.0+galaxy0
360, 2021-05 ,134987035202831.94,velveth/1.2.10.1
361, 2021-05 ,134600803396324.78,macs2_predictd/2.1.1.20160309.1
362, 2021-05 ,134274651512561.56,EMBOSS: getorf42/5.0.0.1
363, 2021-05 ,127790987206892.1,ivar_variants/1.3.1+galaxy0
364, 2021-05 ,123633624548070.31,tabular_to_dbnsfp/tabular_to_dbnsfp
365, 2021-05 ,123615189387795.0,CONVERTER_sam_to_unsorted_bam/CONVERTER_sam_to_unsorted_bam
366, 2021-05 ,123236169050491.52,fastqc/0.72+galaxy1
367, 2021-05 ,121112018640341.0,anndata_import/0.7.5+galaxy0
368, 2021-05 ,119086049112212.31,deeptools_plot_heatmap/3.3.2.0.1
369, 2021-05 ,118555246276211.52,samtools_markdup/1.9+galaxy2
370, 2021-05 ,115526043036465.22,kraken2/2.1.1+galaxy1
371, 2021-05 ,114869949207855.0,bedtools_bamtobed/2.30.0
372, 2021-05 ,112034792674068.92,picard_FastqToSam/2.18.2.1
373, 2021-05 ,111189231869122.84,seurat/3.2.2+galaxy0
374, 2021-05 ,110168388722395.98,__DATA_FETCH__/__DATA_FETCH__
375, 2021-05 ,104958780479755.4,basil/1.2.0
376, 2021-05 ,101990401414581.73,ivar_removereads/1.2.2+galaxy1
377, 2021-05 ,99668563503790.95,bedtools_multicovtbed/2.30.0
378, 2021-05 ,99450311168082.53,genrich/0.5+galaxy2
379, 2021-05 ,99010651183104.45,limma_voom/3.38.3+galaxy3
380, 2021-05 ,97738716878524.66,vcfflatten2/1.0.0_rc3+galaxy0
381, 2021-05 ,97184287092584.16,rbc_splitfasta/0.4.0
382, 2021-05 ,95833644833795.5,transit_gumbel/3.0.2+galaxy0
383, 2021-05 ,94629176063558.27,samtool_filter2/1.8+galaxy1
384, 2021-05 ,94606349507378.4,samtool_filter2/1.8
385, 2021-05 ,94603950044933.73,fastp/0.20.1+galaxy0
386, 2021-05 ,94024007798126.73,EMBOSS: primersearch81/5.0.0.1
387, 2021-05 ,90289913850253.69,bedtools_subtractbed/2.30.0
388, 2021-05 ,90253872041107.02,feelnc/0.2
389, 2021-05 ,89707504830734.38,rseqc_junction_annotation/2.6.4.1
390, 2021-05 ,88553474459310.7,intervene_upset/0.6.4
391, 2021-05 ,88086776512511.94,snpfreqplot/1.0+galaxy3
392, 2021-05 ,87530683571811.94,ruvseq/1.16.0+galaxy1
393, 2021-05 ,87305045333035.02,xmfa2gff3/2015_02_13.1
394, 2021-05 ,86921657503747.4,gops_coverage_1/1.0.0
395, 2021-05 ,85901000137160.0,cuffmerge/0.0.6
396, 2021-05 ,85768360036939.88,bamtools/2.4.0.0
397, 2021-05 ,85085320642866.02,tb_profiler_profile/2.8.14+galaxy1
398, 2021-05 ,83807317603002.3,dropletutils/1.2.1+2
399, 2021-05 ,82811629715638.0,bedtools_map/2.30.0.2
400, 2021-05 ,81403212596694.25,poretools_stats/0.6.1a1.0
401, 2021-05 ,81091049154751.66,bcftools_concat/1.10
402, 2021-05 ,80962155590080.06,lofreq_viterbi/2.1.5+galaxy0
403, 2021-05 ,80792729227830.0,macs2_predictd/2.1.1.20160309.0
404, 2021-05 ,80423050049944.45,abricate/1.0.1
405, 2021-05 ,76953495967573.44,dada2_assignTaxonomyAddspecies/1.18+galaxy0
406, 2021-05 ,76816625501136.83,freebayes/0.4
407, 2021-05 ,75637689294847.98,fasttree/2.1.10+galaxy1
408, 2021-05 ,74899225272010.89,plotdexseq/1.28.1.0
409, 2021-05 ,72898585954455.77,mothur_summary_seqs/1.39.5.0
410, 2021-05 ,72777285582189.33,hyphy_bgm/2.5.31+galaxy1
411, 2021-05 ,70693521168284.88,tn93_cluster/1.0.6
412, 2021-05 ,69674164748064.06,query_tabular/3.1.2
413, 2021-05 ,69138701166836.33,cutadapt/1.16.3
414, 2021-05 ,67481968091985.0,bcftools_mpileup/1.4.0.0
415, 2021-05 ,66859155934042.48,picard_NormalizeFasta/2.18.2.1
416, 2021-05 ,65956047679746.61,bcftools_annotate/1.10
417, 2021-05 ,65700734029485.6,cshl_fasta_nucleotides_changer/1.0.2
418, 2021-05 ,64789174235145.04,snpSift_annotate/4.3+t.galaxy1
419, 2021-05 ,64540598889779.27,msstats/3.22.0.0
420, 2021-05 ,63430152241524.32,jq/1.0
421, 2021-05 ,62715646997972.0,export2graphlan/0.20+galaxy0
422, 2021-05 ,62285073429635.22,nanoplot/1.28.2+galaxy1
423, 2021-05 ,61403927394997.86,samtool_filter2/1.1.2
424, 2021-05 ,60894692634433.67,sina/1.7.2+galaxy0
425, 2021-05 ,60506533574811.44,__SET_METADATA__/__SET_METADATA__
426, 2021-05 ,60035783487607.336,fastq_to_fasta_python/1.1.5
427, 2021-05 ,59196169897204.06,qualimap_bamqc/2.2.2d+galaxy3
428, 2021-05 ,57106440554104.336,featurecounts/1.6.4+galaxy2
429, 2021-05 ,56181958571921.195,picard_DownsampleSam/2.18.2.1
430, 2021-05 ,55626919561380.89,mothur_pcr_seqs/1.39.5.0
431, 2021-05 ,55373494327725.69,filter_tabular/3.1.2
432, 2021-05 ,55236217224920.49,salmon/0.14.1.2+galaxy1
433, 2021-05 ,54805951168660.266,gops_intersect_1/1.0.0
434, 2021-05 ,54736481486055.4,bcftools_plugin_counts/1.10+galaxy1
435, 2021-05 ,54554176224990.0,minimap2/2.17+galaxy3
436, 2021-05 ,54072724014190.234,circos_gc_skew/0.69.8+galaxy7
437, 2021-05 ,52961356138124.445,ivar_variants/1.2.2+galaxy0
438, 2021-05 ,52615504026588.6,plant_tribes_gene_family_aligner/1.0.3.0
439, 2021-05 ,52507093433003.16,chipseeker/1.18.0+galaxy1
440, 2021-05 ,51014913258020.0,CONVERTER_wiggle_to_interval_0/CONVERTER_wiggle_to_interval_0
441, 2021-05 ,50586333949164.0,featureCoverage1/2.0.0
442, 2021-05 ,49830305218699.57,CONVERTER_bz2_to_uncompressed/CONVERTER_bz2_to_uncompressed
443, 2021-05 ,49828393917721.76,masigpro/1.49.3.1+galaxy1
444, 2021-05 ,48901861423980.61,deg_annotate/1.1.0
445, 2021-05 ,48351937250626.31,exomedepth/1.1.0
446, 2021-05 ,47891852181218.26,velvetg/1.2.10.1
447, 2021-05 ,47159502561301.4,mothur_dist_seqs/1.39.5.0
448, 2021-05 ,46917802408097.8,snpSift_vcfCheck/4.3+t.galaxy0
449, 2021-05 ,45037731670227.92,picard_CollectWgsMetrics/2.18.2.1
450, 2021-05 ,45011984205952.85,picard_AddOrReplaceReadGroups/2.18.2.1
451, 2021-05 ,44630804581472.85,mummer_mummer/4.0.0beta2+galaxy1
452, 2021-05 ,44516612138386.19,jbrowse/1.16.11+galaxy0
453, 2021-05 ,43325427374537.44,length_and_gc_content/0.1.1
454, 2021-05 ,43310366647056.13,fastq_filter/1.1.1
455, 2021-05 ,42924172606119.555,CONVERTER_gz_to_uncompressed/CONVERTER_gz_to_uncompressed
456, 2021-05 ,41387107457325.195,fastq_combiner/1.1.5
457, 2021-05 ,41112033704261.75,table_annovar/0.1
458, 2021-05 ,40918277863053.82,mothur_make_fastq/1.39.5.0
459, 2021-05 ,40738771168353.4,bowtie_wrapper/1.1.2
460, 2021-05 ,40450656743051.64,rseqc_junction_saturation/2.6.4.1
461, 2021-05 ,40414630904361.34,cuffmerge/2.2.1.2
462, 2021-05 ,39781795398295.4,bwa_mem/0.4.2
463, 2021-05 ,39273692500880.8,crossmap_vcf/0.3.7+galaxy1
464, 2021-05 ,38576193070828.76,flash/1.2.11.4
465, 2021-05 ,37975114956994.18,bcftools_view/1.10
466, 2021-05 ,37495770309465.0,snpSift_rmInfo/4.3+t.galaxy0
467, 2021-05 ,36871988539112.32,khmer_abundance_distribution_single/3.0.0a3+galaxy1
468, 2021-05 ,36369402283665.89,ggplot2_heatmap2/3.0.1
469, 2021-05 ,36030635775416.07,vcf2tsv/1.0.0_rc3+galaxy0
470, 2021-05 ,36014289441737.45,fastq_paired_end_joiner/2.0.1.0
471, 2021-05 ,35274437186490.23,sam_bw_filter/1.0.0
472, 2021-05 ,34729090406821.668,lofreq_indelqual/2.1.5+galaxy0
473, 2021-05 ,34285794402707.875,bcftools_norm/1.10
474, 2021-05 ,33792636743934.637,picard_CollectRnaSeqMetrics/2.18.2.2
475, 2021-05 ,32943109784495.062,vcffixup/1.0.0_rc3+galaxy0
476, 2021-05 ,32674241106343.56,mothur_chimera_vsearch/1.39.5.1
477, 2021-05 ,32215122654036.664,hyphy_strike_ambigs/2.5.31
478, 2021-05 ,30569585078830.453,bwa/0.4.2
479, 2021-05 ,30076063394941.543,sam2interval/1.0.2
480, 2021-05 ,29372333455548.87,bg_find_subsequences/0.2
481, 2021-05 ,28702253748892.605,bedtools_genomecoveragebed/2.29.0
482, 2021-05 ,28013911046856.0,EMBOSS: newcpgreport57/5.0.0
483, 2021-05 ,27887368208855.0,vcfgenotypes/1.0.0_rc3+galaxy0
484, 2021-05 ,27144331169578.566,deeptools_plot_heatmap/3.3.0.0.1
485, 2021-05 ,27015129800624.836,rseqc_read_duplication/2.6.4
486, 2021-05 ,26851884143567.0,bam_to_scidx/1.0.1
487, 2021-05 ,26733821547675.0,check_snpeff_candidates/1.0.0
488, 2021-05 ,26515661663590.04,edger/3.24.1+galaxy1
489, 2021-05 ,26430008267349.332,msaboot/0.1.2
490, 2021-05 ,25923441356161.543,cshl_fastx_artifacts_filter/1.0.1+galaxy0
491, 2021-05 ,25912236357102.29,mothur_dist_shared/1.39.5.0
492, 2021-05 ,25667455532250.0,fastq_dump/2.10.4
493, 2021-05 ,25035416528365.207,bedtools_makewindowsbed/2.30.0
494, 2021-05 ,24954508383631.863,cshl_fastx_reverse_complement/1.0.2+galaxy0
495, 2021-05 ,24815598980051.37,goenrichment/2.0.1
496, 2021-05 ,24273541432063.848,CONVERTER_bedgraph_to_bigwig/CONVERTER_bedgraph_to_bigwig
497, 2021-05 ,23877795970692.246,bcftools_roh/1.10
498, 2021-05 ,23537981408908.727,samtools_slice_bam/2.0.1
499, 2021-05 ,23095003572036.527,mummer_dnadiff/4.0.0beta2+galaxy1
500, 2021-05 ,23064145937657.32,Count1/Count1
501, 2021-05 ,23010735846560.0,taxonomy_krona_chart/2.6.1
502, 2021-05 ,22879305436296.77,featurecounts/2.0.1
503, 2021-05 ,22747552580016.61,cshl_fastx_barcode_splitter/1.0.1
504, 2021-05 ,22216352950449.17,tp_tail_tool/1.1.0
505, 2021-05 ,21940947065819.113,ncbi_blastdbcmd_wrapper/2.10.1+galaxy0
506, 2021-05 ,21715994010896.664,raceid_filtnormconf/3.1
507, 2021-05 ,21340568751473.273,vcfselectsamples/1.0.0_rc3+galaxy0
508, 2021-05 ,21329732242785.125,macs2_randsample/2.1.1.20160309.1
509, 2021-05 ,21141874957244.8,EMBOSS: palindrome65/5.0.0.1
510, 2021-05 ,20664366704007.562,ncbi_blastn_wrapper/0.3.0
511, 2021-05 ,20425719845085.426,jvarkit_wgscoverageplotter/20201223+galaxy0
512, 2021-05 ,20287148098932.09,CONVERTER_vcf_to_vcf_bgzip_0/CONVERTER_vcf_to_vcf_bgzip_0
513, 2021-05 ,20095441438010.5,kallisto_pseudo/0.46.0.1
514, 2021-05 ,19737525592501.816,snpsift_vartype/4.3+t.galaxy0
515, 2021-05 ,19731098437823.168,upload1/upload1
516, 2021-05 ,19089703790041.11,bp_genbank2gff3/1.1
517, 2021-05 ,19037169201195.957,taxonomy_krona_chart/2.7.1
518, 2021-05 ,18914154903674.0,stringtie/1.0.3
519, 2021-05 ,18709080251315.246,picard_QualityScoreDistribution/2.18.2.1
520, 2021-05 ,18272676171370.0,picard_CollectGcBiasMetrics/2.18.2.1
521, 2021-05 ,18113848743357.137,cshl_fastx_trimmer/1.0.1
522, 2021-05 ,18101665816110.043,CONVERTER_fasta_to_tabular/CONVERTER_fasta_to_tabular
523, 2021-05 ,18046921206607.5,poretools_qualpos/0.6.1a1.1
524, 2021-05 ,17722239362975.2,circos_wiggle_to_stacked/0.69.8+galaxy7
525, 2021-05 ,17475326120358.18,picard_CollectInsertSizeMetrics/2.18.2.1
526, 2021-05 ,16530220877235.5,macs2_callpeak/2.1.0.20140616.0
527, 2021-05 ,16433296763145.916,featurecounts/1.6.3+galaxy2
528, 2021-05 ,16341031586771.316,bedtools_bedtobam/2.30.0
529, 2021-05 ,16085182331175.492,macs2_bdgpeakcall/2.1.1.20160309.0
530, 2021-05 ,16083496698551.973,fastqc/0.72
531, 2021-05 ,16057892494873.916,cummeRbund/2.16.0+galaxy1
532, 2021-05 ,15926669871019.72,snippy_core/4.5.0
533, 2021-05 ,15688748069153.885,fasta_merge_files_and_filter_unique_sequences/1.2.0
534, 2021-05 ,15649304807214.666,blastxml_to_tabular/2.10.1+galaxy0
535, 2021-05 ,15643484587892.805,bedtools_bamtobed/2.29.2
536, 2021-05 ,15547850186148.3,pe_histogram/1.0.1
537, 2021-05 ,15517444409917.0,idr/2.0.3
538, 2021-05 ,15139645605287.0,random_lines1/random_lines1
539, 2021-05 ,14914309478357.332,deeptools_plot_heatmap/2.5.0.0
540, 2021-05 ,14794601605962.66,table_annovar/0.2
541, 2021-05 ,14232440309722.0,genetrack/1.0.1
542, 2021-05 ,14141124132484.75,sklearn_searchcv/1.0.8.2
543, 2021-05 ,14061641956606.64,scanpy_cluster_reduce_dimension/1.7.1+galaxy0
544, 2021-05 ,13884675280938.562,EMBOSS: cpgplot15/5.0.0
545, 2021-05 ,13581929423808.787,bcftools_query_list_samples/1.10
546, 2021-05 ,13376711100622.4,macs2_refinepeak/2.1.1.20160309.1
547, 2021-05 ,13214180039913.488,intervene_pairwise/0.6.4
548, 2021-05 ,12877120321278.0,deeptools_compute_gc_bias/3.3.2.0.0
549, 2021-05 ,12705407673230.95,CONVERTER_vcf_to_bgzip_0/CONVERTER_vcf_to_bgzip_0
550, 2021-05 ,12268467690815.0,Sff_extractor/Sff_extractor
551, 2021-05 ,12060717020031.531,wig_to_bigWig/wig_to_bigWig
552, 2021-05 ,11803671760877.855,ivar_trim/1.2.2+galaxy1
553, 2021-05 ,11780899384354.0,picard_artifact_metrics/2.18.2.1
554, 2021-05 ,11719354793683.305,bcftools_stats/1.10
555, 2021-05 ,11542609612959.0,plant_tribes_gene_family_phylogeny_builder/1.0.3.0
556, 2021-05 ,11332887758611.256,mothur_count_seqs/1.39.5.0
557, 2021-05 ,11315601040909.152,gff_filter_by_attribute/gff_filter_by_attribute
558, 2021-05 ,11241327302169.355,mummer_mummerplot/4.0.0beta2+galaxy1
559, 2021-05 ,11166973528215.5,EMBOSS: pepcoil68/5.0.0.1
560, 2021-05 ,10901561014122.0,bedtools_bed12tobed6/2.30.0
561, 2021-05 ,10838754203714.732,trinity_filter_low_expr_transcripts/2.9.1
562, 2021-05 ,10668859256899.287,rseqc_bam_stat/2.6.4
563, 2021-05 ,10479236835326.557,samtools_flagstat/2.0.3
564, 2021-05 ,10357031469700.133,EMBOSS: needle56/5.0.0.1
565, 2021-05 ,10254513396039.014,qualimap_bamqc/2.2.2d+galaxy1
566, 2021-05 ,10252792066200.0,bcftools_plugin_missing2ref/1.9+galaxy1
567, 2021-05 ,10205290560770.928,collapse_dataset/5.1.0
568, 2021-05 ,10186105866612.0,bcftools_concat/1.9+galaxy1
569, 2021-05 ,10156794661880.936,kraken_taxonomy_report/0.0.2
570, 2021-05 ,9982128974404.643,fastq_join/1.1.2-806.1
571, 2021-05 ,9813435885925.0,trimmomatic/0.36.2
572, 2021-05 ,9800458304604.775,featurecounts/1.6.2
573, 2021-05 ,9726366619370.12,CONVERTER_fastq_to_fqtoc0/CONVERTER_fastq_to_fqtoc0
574, 2021-05 ,9696095769815.361,snpEff_build_gb/4.3+T.galaxy4
575, 2021-05 ,9677696743490.4,salmon/0.14.1.2
576, 2021-05 ,9577961071983.57,sklearn_numeric_clustering/1.0.8.2
577, 2021-05 ,9322103483989.256,goseq/1.36.0+galaxy0
578, 2021-05 ,9317868493699.936,dada2_plotQualityProfile/1.18+galaxy0
579, 2021-05 ,9181756103461.244,trinity_run_de_analysis/2.9.1
580, 2021-05 ,9069369831960.473,kraken-report/1.3.1
581, 2021-05 ,8904703237379.967,collection_column_join/0.0.3
582, 2021-05 ,8900922366956.828,seqtk_subseq/1.3.1
583, 2021-05 ,8630218636556.333,raceid_clustering/3.1
584, 2021-05 ,8607651596017.4,jbrowse/1.16.9+galaxy0
585, 2021-05 ,8567049607599.962,medaka_consensus/1.0.3+galaxy2
586, 2021-05 ,8290549754615.315,CONVERTER_gff_to_fli_0/CONVERTER_gff_to_fli_0
587, 2021-05 ,8158918723731.133,tp_sed_tool/1.1.1
588, 2021-05 ,8035603694404.8,deseq2/2.11.40.2
589, 2021-05 ,8006985795436.104,gffcompare/0.11.2
590, 2021-05 ,7991570437198.9375,mothur_make_group/1.39.5.0
591, 2021-05 ,7975602172083.0,bcftools_plugin_frameshifts/1.10
592, 2021-05 ,7967387000610.0,EMBOSS: supermatcher95/5.0.0.1
593, 2021-05 ,7961874781103.802,tximport/0.1
594, 2021-05 ,7931509537023.186,mothur_rarefaction_single/1.39.5.0
595, 2021-05 ,7913472243032.732,vcfgeno2haplo/1.0.0_rc3+galaxy0
596, 2021-05 ,7907291400882.499,bcftools_plugin_missing2ref/1.10
597, 2021-05 ,7801669703244.89,ivar_consensus/1.2.2+galaxy0
598, 2021-05 ,7710496121372.582,MAF_To_Fasta1/MAF_To_Fasta1
599, 2021-05 ,7661170031614.44,snap_training/2013_11_29+galaxy1
600, 2021-05 ,7658719377923.619,pygenomeTracks/3.6
601, 2021-05 ,7564451216904.985,sort1/sort1
602, 2021-05 ,7326158879433.308,jcvi_gff_stats/0.8.4
603, 2021-05 ,7211548360389.955,gmx_setup/2020.2+galaxy0
604, 2021-05 ,7167976862741.285,ivar_removereads/1.3.1+galaxy0
605, 2021-05 ,7122041631506.333,deeptools_bam_pe_fragmentsize/3.3.2.0.0
606, 2021-05 ,7041941363707.133,picard_SamToFastq/2.18.2.2
607, 2021-05 ,7030074101524.75,ivar_trim/1.3.1+galaxy0
608, 2021-05 ,7018505050098.227,CONVERTER_bed_gff_or_vcf_to_bigwig_0/CONVERTER_bed_gff_or_vcf_to_bigwig_0
609, 2021-05 ,6963277738159.167,featurecounts/1.6.4+galaxy1
610, 2021-05 ,6897392209465.0,sklearn_ensemble/1.0.8.2
611, 2021-05 ,6773215142293.285,bcftools_plugin_fill_tags/1.10
612, 2021-05 ,6723705872331.104,CONVERTER_gff_to_interval_index_0/CONVERTER_gff_to_interval_index_0
613, 2021-05 ,6615786109935.0,bcftools_plugin_setgt/1.9+galaxy1
614, 2021-05 ,6570495192275.88,jbrowse/1.16.8+galaxy0
615, 2021-05 ,6523789182633.0,purge_dups/1.2.5+galaxy1
616, 2021-05 ,6364744086337.9375,bcftools_filter/1.10
617, 2021-05 ,6334087624559.215,table_compute/0.9.2
618, 2021-05 ,6308098219765.777,vcfannotategenotypes/1.0.0_rc3+galaxy0
619, 2021-05 ,6235500663304.869,staramr_search/0.5.1
620, 2021-05 ,6095210520855.5,mothur_unique_seqs/1.36.1.0
621, 2021-05 ,6079430723600.0,bcftools_plugin_impute_info/1.9+galaxy1
622, 2021-05 ,6057254150628.75,EMBOSS: newcpgreport57/5.0.0.1
623, 2021-05 ,6019163348945.679,tp_multijoin_tool/1.1.1
624, 2021-05 ,6009857400637.6,naive_variant_caller/0.0.2
625, 2021-05 ,5891002814784.472,dada2_seqCounts/1.18+galaxy0
626, 2021-05 ,5871316947139.215,bedtools_intersectbed/2.30.0
627, 2021-05 ,5705059245777.4,predict_pipeline/1.0
628, 2021-05 ,5525596270382.368,stringtie_merge/2.1.1
629, 2021-05 ,5478288401135.068,dada2_plotComplexity/1.18+galaxy0
630, 2021-05 ,5464372130742.0,bedtools_multicovtbed/2.27.0.0
631, 2021-05 ,5288396383913.551,sequence_content_trimmer/0.1
632, 2021-05 ,5219989135142.5205,rseqc_infer_experiment/2.6.4.1
633, 2021-05 ,5105165196488.364,EMBOSS: einverted28/5.0.0.1
634, 2021-05 ,4949991194385.429,snpSift_filter/4.3+t.galaxy0
635, 2021-05 ,4933487475222.703,circos_wiggle_to_scatter/0.69.8+galaxy7
636, 2021-05 ,4928343727062.5,sklearn_build_pipeline/1.0.8.2
637, 2021-05 ,4856672301074.958,goslimmer/1.0.1
638, 2021-05 ,4669071763322.613,ggplot2_pca/2.2.1
639, 2021-05 ,4658734092390.0,mummer_nucmer/4.0.0beta2+galaxy0
640, 2021-05 ,4625075024541.0,annotatemyids/3.5.0.1
641, 2021-05 ,4566107845587.341,snpEff_download/4.3+T.galaxy2
642, 2021-05 ,4542646969916.5,ml_visualization_ex/1.0.8.2
643, 2021-05 ,4498483443347.091,macs2_bdgbroadcall/2.1.1.20160309.0
644, 2021-05 ,4407392917419.017,scanpy_inspect/1.7.1+galaxy0
645, 2021-05 ,4392986171118.68,gffread/2.2.1.2
646, 2021-05 ,4327399446108.778,gops_complement_1/1.0.0
647, 2021-05 ,4293298963890.8887,rseqc_inner_distance/2.6.4.1
648, 2021-05 ,4244215227890.512,tp_sorted_uniq/1.1.0
649, 2021-05 ,4240531151209.519,bwa_mem/0.1
650, 2021-05 ,4102407541933.4,circos_resample/0.69.8+galaxy7
651, 2021-05 ,3999666357197.2183,Paste1/Paste1
652, 2021-05 ,3964991508896.579,tp_awk_tool/1.1.2
653, 2021-05 ,3905822416546.5,rseqc_read_GC/2.6.4
654, 2021-05 ,3837524029081.1816,mothur_screen_seqs/1.39.5.0
655, 2021-05 ,3760319256707.197,dada2_filterAndTrim/1.18+galaxy0
656, 2021-05 ,3742520900906.0,samtools_reheader/2.0.1+galaxy1
657, 2021-05 ,3733432694519.8,rseqc_insertion_profile/2.6.4
658, 2021-05 ,3711621361206.8257,rseqc_read_quality/2.6.4
659, 2021-05 ,3665002551243.3945,ivar_consensus/1.3.1+galaxy0
660, 2021-05 ,3588369616881.0,tn93_readreduce/1.0.4
661, 2021-05 ,3531055289479.0,sklearn_generalized_linear/1.0.8.2
662, 2021-05 ,3514085156953.2964,mothur_unique_seqs/1.39.5.0
663, 2021-05 ,3509830321276.5,mothur_make_group/1.36.1.0
664, 2021-05 ,3474487040054.6665,tb_profiler_profile/2.8.4+galaxy1
665, 2021-05 ,3411590216568.8706,samtools_stats/2.0.2+galaxy2
666, 2021-05 ,3405593792405.0,plant_tribes_gene_family_phylogeny_builder/1.0.3.1
667, 2021-05 ,3374300081330.5,bcftools_norm/1.9+galaxy1
668, 2021-05 ,3298729144996.333,mothur_classify_seqs/1.36.1.0
669, 2021-05 ,3281297642763.8545,mothur_merge_files/1.39.5.0
670, 2021-05 ,3270120818925.333,bwa_mem/0.7.12.1
671, 2021-05 ,3245517549240.808,Extract genomic DNA 1/3.0.3+galaxy2
672, 2021-05 ,3215736604386.2856,bg_diamond_view/0.9.29
673, 2021-05 ,3202782212475.021,gff2bed1/gff2bed1
674, 2021-05 ,3193292635664.5,cshl_fastx_renamer/0.0.11
675, 2021-05 ,3131546725064.113,vcfhethom/1.0.0_rc3+galaxy0
676, 2021-05 ,3127185995181.718,circgraph/0.9-RC2
677, 2021-05 ,3039672976436.0,edger/3.20.7.2
678, 2021-05 ,2964159941760.012,snpSift_extractFields/4.3+t.galaxy0
679, 2021-05 ,2888665561810.4443,bedtools_closestbed/2.30.0
680, 2021-05 ,2887692809613.375,scanpy_filter/1.7.1+galaxy0
681, 2021-05 ,2885247743639.211,vcfannotate/1.0.0_rc3+galaxy0
682, 2021-05 ,2829390247694.308,seqtk_comp/1.3.1
683, 2021-05 ,2810452192390.2446,tp_replace_in_column/1.1.3
684, 2021-05 ,2771774265790.4,dada2_removeBimeraDenovo/1.18+galaxy0
685, 2021-05 ,2762451707949.0,peptide_shaker/1.16.36.3
686, 2021-05 ,2756032272086.5,deseq2/2.11.40.6
687, 2021-05 ,2690783430654.0,mothur_align_seqs/1.36.1.0
688, 2021-05 ,2637343979415.4053,tp_uniq_tool/1.1.1
689, 2021-05 ,2618999373454.1665,vcf2pgSnp/1.0.0
690, 2021-05 ,2579087822827.2993,annotatemyids/3.12.0
691, 2021-05 ,2523743387020.3545,ucsc_table_direct1/ucsc_table_direct1
692, 2021-05 ,2515101533356.553,gops_subtract_1/1.0.0
693, 2021-05 ,2455241523963.9087,mothur_trim_seqs/1.39.5.0
694, 2021-05 ,2453373568192.0996,picard_CleanSam/2.18.2.1
695, 2021-05 ,2438344257353.114,circos/0.69.8+galaxy7
696, 2021-05 ,2414314787433.0,bcftools_call/1.9+galaxy1
697, 2021-05 ,2392264081269.5103,dada2_mergePairs/1.18+galaxy0
698, 2021-05 ,2371910841931.6665,snpEff_get_chr_names/4.3+T.galaxy2
699, 2021-05 ,2365871022273.375,keras_model_config/0.5.0
700, 2021-05 ,2341526797989.875,gprofiler_snpense/0.1.7+galaxy11
701, 2021-05 ,2334224682626.333,racon/1.3.1.1
702, 2021-05 ,2279977932222.0,search_gui/3.3.10.1
703, 2021-05 ,2200613497441.963,bandage_image/0.8.1+galaxy3
704, 2021-05 ,2190127115793.0,fasterq_dump/2.10.7+galaxy1
705, 2021-05 ,2137221214147.8,circos_interval_to_tile/0.69.8+galaxy7
706, 2021-05 ,2128458207120.0,gatk4_mutect2/4.1.4.0+galaxy2
707, 2021-05 ,2123304575675.2605,deeptools_plot_heatmap/3.1.2.0.1
708, 2021-05 ,2121750421485.1816,jbrowse_to_standalone/1.16.11+galaxy0
709, 2021-05 ,2075299795529.0,bowtie2/0.3
710, 2021-05 ,2028915412689.3088,histogram_rpy/1.0.4
711, 2021-05 ,2005567227277.7776,hyphy_slac/2.5.31+galaxy1
712, 2021-05 ,1999125340264.0,hgv_snpFreq/1.0.1
713, 2021-05 ,1990637181540.0,poretools_yield_plot/0.6.1a1.1
714, 2021-05 ,1976465864908.0,jbrowse/1.16.8+galaxy1
715, 2021-05 ,1970838872044.6665,bedtools_nucbed/2.30.0
716, 2021-05 ,1962089415400.228,bedtools_getfastabed/2.30.0
717, 2021-05 ,1885266388909.25,kraken-mpa-report/1.2.4
718, 2021-05 ,1882513726265.8125,regex1/1.0.1
719, 2021-05 ,1832045356035.4155,cshl_fastx_collapser/1.0.1
720, 2021-05 ,1831060326829.184,miniasm/0.3+galaxy0
721, 2021-05 ,1816668359685.0,limma_voom/3.38.3+galaxy2
722, 2021-05 ,1768033982236.0818,tp_replace_in_line/1.1.2
723, 2021-05 ,1765175334583.3333,sra_pileup/2.10.3
724, 2021-05 ,1744487354831.4382,ggplot2_heatmap/2.2.1
725, 2021-05 ,1723170059159.0266,fastqc/0.69
726, 2021-05 ,1717393890244.6,socru/2.1.7
727, 2021-05 ,1714883316616.9473,bedtools_flankbed/2.30.0
728, 2021-05 ,1705887290520.0,bcftools_plugin_fill_an_ac/1.10
729, 2021-05 ,1644702999922.5,deeptools_plot_profile/3.1.2.0.0
730, 2021-05 ,1624072087027.8572,dada2_makeSequenceTable/1.18+galaxy0
731, 2021-05 ,1621117631425.0,bedtools_unionbedgraph/2.29.2
732, 2021-05 ,1611849025411.4807,Convert characters1/Convert characters1
733, 2021-05 ,1595377550124.0,master2pgSnp/master2pgSnp
734, 2021-05 ,1581139829424.875,cutadapt/1.16.5
735, 2021-05 ,1574315109338.1428,picard_FilterSamReads/2.18.2.1
736, 2021-05 ,1494643801235.7107,tp_cat/0.1.0
737, 2021-05 ,1478878575769.939,vcfcombine/1.0.0_rc3+galaxy0
738, 2021-05 ,1466524664002.243,CONVERTER_bed_to_bgzip_0/CONVERTER_bed_to_bgzip_0
739, 2021-05 ,1451637667960.7627,vcfallelicprimitives/1.0.0_rc3+galaxy0
740, 2021-05 ,1448359078230.9656,annotatemyids/3.7.0+galaxy2
741, 2021-05 ,1440080780615.5225,poretools_extract/0.6.1a1.0
742, 2021-05 ,1418218359683.25,bedtools_bedtoigv/2.30.0
743, 2021-05 ,1377655464608.5908,csv_to_tabular/csv_to_tabular
744, 2021-05 ,1330490890398.0,bcftools_plugin_tag2tag/1.9+galaxy1
745, 2021-05 ,1280078308639.75,hyphy_conv/2.5.31+galaxy1
746, 2021-05 ,1259608880032.5957,flanking_features_1/4.0.1
747, 2021-05 ,1248994639784.5095,Kraken2Tax/1.2
748, 2021-05 ,1230475866840.0,iwtomics_testandplot/1.0.0.0
749, 2021-05 ,1193483117021.0,graphembed/2.4.0
750, 2021-05 ,1192705371514.111,quast/5.0.2+galaxy0
751, 2021-05 ,1165548520939.5,multiqc/1.8+galaxy0
752, 2021-05 ,1157277987254.7944,deeptools_plot_correlation/3.3.2.0.0
753, 2021-05 ,1156742446347.2666,fastq_combiner/1.0.1
754, 2021-05 ,1134506529188.2307,bcftools_convert_to_vcf/1.10
755, 2021-05 ,1099865967717.6729,Add_a_column1/1.2.0
756, 2021-05 ,1099066465466.0,mothur_metastats/1.39.5.0
757, 2021-05 ,1084622049841.9016,bcftools_consensus/1.10+galaxy1
758, 2021-05 ,1071377809537.9471,htseq_count/0.6.1galaxy1
759, 2021-05 ,1070090166464.7532,samtools_view/1.9+galaxy2
760, 2021-05 ,1053153846848.0,kraken-translate/1.3.1
761, 2021-05 ,1046128704236.0,heinz/1.0
762, 2021-05 ,1027840043314.6716,mothur_remove_seqs/1.39.5.0
763, 2021-05 ,1026243451232.2,pygenomeTracks/3.5
764, 2021-05 ,1014609850053.2,kraken-filter/1.3.1
765, 2021-05 ,997942086702.7072,mothur_remove_lineage/1.39.5.0
766, 2021-05 ,993018556448.5,maf_stats1/1.0.1+galaxy0
767, 2021-05 ,987723247934.5,iwtomics_loadandplot/1.0.0.0
768, 2021-05 ,967855798095.5,mimodd_reheader/0.1.9
769, 2021-05 ,965759415800.0,presto_assemblepairs/0.5.4
770, 2021-05 ,962547614719.346,bed2gff1/bed2gff1
771, 2021-05 ,961476456677.875,deseq2/2.1.8.3
772, 2021-05 ,950632991876.0,microsats_align1/1.0.0
773, 2021-05 ,946929459796.6665,anndata_manipulate/0.7.5+galaxy0
774, 2021-05 ,946006213539.5624,fastq_to_fasta_python/1.1.1
775, 2021-05 ,943832562598.6296,CONVERTER_interval_to_bigwig_0/CONVERTER_interval_to_bigwig_0
776, 2021-05 ,933048655399.1,heinz_visualization/0.1.1
777, 2021-05 ,931772103317.3331,rseqc_geneBody_coverage/2.6.4.2
778, 2021-05 ,923326568284.5,EMBOSS: polydot77/5.0.0.1
779, 2021-05 ,906495125989.807,EMBOSS: fuzznuc37/5.0.2
780, 2021-05 ,901959675295.0,gprofiler_orth/0.1.7+galaxy11
781, 2021-05 ,886418771493.4274,deeptools_plot_profile/3.3.2.0.0
782, 2021-05 ,867566254100.0,bedtools_bedtobam/2.29.2
783, 2021-05 ,859062260447.7501,plant_tribes_kaks_analysis/1.0.3.0
784, 2021-05 ,844670369640.0,picard_RevertSam/2.18.2.1
785, 2021-05 ,840770079082.8125,fgsea/1.8.0+galaxy1
786, 2021-05 ,836888709409.1427,picard_CASM/2.18.2.1
787, 2021-05 ,835105982532.04,minimap2/2.17+galaxy2
788, 2021-05 ,831082437611.0,cat_summarise/5.0.3.0
789, 2021-05 ,827244316792.1714,subtract_query1/0.1
790, 2021-05 ,816570656494.6528,snpSift_filter/4.3+t.galaxy1
791, 2021-05 ,812041115808.2668,velveth/1.2.10.2
792, 2021-05 ,811876725102.6665,snpSift_dbnsfp/4.3.0
793, 2021-05 ,811712988691.5,fastqc/0.71
794, 2021-05 ,786893808468.418,seq_filter_by_id/0.2.7
795, 2021-05 ,784044762932.0625,EMBOSS: etandem33/5.0.0.1
796, 2021-05 ,776091805624.2499,kobas_annotate/2.1.1
797, 2021-05 ,765219613372.6682,scanpy_plot/1.7.1+galaxy0
798, 2021-05 ,745477314278.0038,bedtools_genomecoveragebed/2.29.2
799, 2021-05 ,742051176995.6,trinity_contig_exn50_statistic/2.9.1
800, 2021-05 ,741920758792.3822,PlasFlow/1.0
801, 2021-05 ,738956850322.3928,scanpy_normalize/1.7.1+galaxy0
802, 2021-05 ,733878050520.2712,multiqc/1.9+galaxy1
803, 2021-05 ,730617822703.4171,fasta2tab/1.1.0
804, 2021-05 ,724507203584.1498,gtftobed12/357
805, 2021-05 ,707596015369.0,mothur_merge_files/1.36.1.0
806, 2021-05 ,703689385252.0,sam_to_bam/2.1
807, 2021-05 ,701143612238.1786,vcfbedintersect/1.0.0_rc3+galaxy0
808, 2021-05 ,696728170694.3636,multiqc/1.7
809, 2021-05 ,692606215185.4,gffcompare_to_bed/0.2.1
810, 2021-05 ,680951363190.0,annotatemyids/3.7.0
811, 2021-05 ,652128520666.0,seqtk_mergepe/1.3.1
812, 2021-05 ,648954722319.5,mothur_make_biom/1.36.1.0
813, 2021-05 ,647769967502.5,sklearn_stacking_ensemble_models/1.0.8.2
814, 2021-05 ,636393466183.8,plotly_regression_performance_plots/0.1
815, 2021-05 ,632538733031.4445,quast/4.6.3
816, 2021-05 ,627922866107.0465,trinity_abundance_estimates_to_matrix/2.9.1
817, 2021-05 ,627042806525.0,fastqe/0.2.6+galaxy0
818, 2021-05 ,625542668914.0869,medaka_variant/1.0.3+galaxy3
819, 2021-05 ,616603322036.0,mothur_bin_seqs/1.39.5.0
820, 2021-05 ,604606245676.7704,tabular_to_csv/tabular_to_csv
821, 2021-05 ,602775570827.6666,sklearn_train_test_eval/1.0.8.2
822, 2021-05 ,598113206506.625,maker_map_ids/2.31.11
823, 2021-05 ,593731259381.0,samtools_flagstat/1.0.0
824, 2021-05 ,584381824063.644,samtools_mpileup/2.1.3
825, 2021-05 ,574025397601.0,picard_AddOrReplaceReadGroups/2.7.1.0
826, 2021-05 ,571076527718.4286,sklearn_train_test_split/1.0.8.2
827, 2021-05 ,567925539225.0,iwtomics_plotwithscale/1.0.0.0
828, 2021-05 ,561459017601.875,vsearch_search/2.8.3.1
829, 2021-05 ,560215912719.7255,EMBOSS: wordcount109/5.0.0.1
830, 2021-05 ,555357123548.3112,biom_convert/2.1.5.3
831, 2021-05 ,553427789021.8235,count_gff_features/0.2
832, 2021-05 ,549775899270.0,model_prediction/1.0.8.2
833, 2021-05 ,546282008092.88464,bandage_info/0.8.1+galaxy1
834, 2021-05 ,545055740878.4968,allele_counts_1/1.3.2
835, 2021-05 ,543432527826.8,circos_interval_to_text/0.69.8+galaxy7
836, 2021-05 ,539284347697.0909,sklearn_svm_classifier/1.0.8.2
837, 2021-05 ,532521821556.4546,EMBOSS: wordmatch110/5.0.0.1
838, 2021-05 ,522126276292.5,plotly_parallel_coordinates_plot/0.2
839, 2021-05 ,521972731800.5,keras_model_builder/0.5.0
840, 2021-05 ,518165322797.678,column_order_header_sort/0.0.1
841, 2021-05 ,511432973388.0,sklearn_sample_generator/1.0.8.2
842, 2021-05 ,507889476954.0,gff_to_prot/3.0.2+galaxy0
843, 2021-05 ,499565827739.451,mothur_classify_otu/1.39.5.0
844, 2021-05 ,494429916689.0,qualimap_counts/2.2.2d
845, 2021-05 ,480667464411.33325,sklearn_data_preprocess/1.0.8.2
846, 2021-05 ,475412978835.0,flymine/flymine
847, 2021-05 ,472045230002.1637,cshl_fastx_trimmer/1.0.0
848, 2021-05 ,467275074950.8081,cat_multiple/0.2
849, 2021-05 ,466798226740.0,EMBOSS: epestfind29/5.0.0.1
850, 2021-05 ,465077861836.2023,picard_ValidateSamFile/2.18.2.1
851, 2021-05 ,464647036127.6666,Interval2Maf1/1.0.1+galaxy0
852, 2021-05 ,461996360715.38464,mimodd_map/0.1.9
853, 2021-05 ,459587915164.75,mimodd_vcf_filter/0.1.9
854, 2021-05 ,459539580571.1,multiqc/1.9
855, 2021-05 ,456689159808.33325,edger/3.24.1
856, 2021-05 ,449366472954.83325,poretools_hist/0.6.1a1.1
857, 2021-05 ,447063105104.6952,rgweblogo3/3.5.0
858, 2021-05 ,442149739758.9634,gprofiler_gost/0.1.7+galaxy11
859, 2021-05 ,440037679843.5904,filter_by_fasta_ids/2.3
860, 2021-05 ,436306086667.05,scikit_bio_diversity_beta_diversity/0.4.2.0
861, 2021-05 ,434367228135.0,sarscov2formatter/0.5.3+galaxy1
862, 2021-05 ,427267264472.0,EMBOSS: trimest102/5.0.0.1
863, 2021-05 ,417823927512.50574,mergeCols1/mergeCols1
864, 2021-05 ,417703108269.6486,regexColumn1/1.0.1
865, 2021-05 ,416062859932.62225,bedtools_getfastabed/2.29.0
866, 2021-05 ,412613756822.3704,mothur_unifrac_weighted/1.39.5.0
867, 2021-05 ,412565477538.0,sklearn_nn_classifier/1.0.8.2
868, 2021-05 ,410708557361.3945,deeptools_plot_pca/3.3.2.0.0
869, 2021-05 ,408354108996.47406,addValue/addValue
870, 2021-05 ,408017247827.6666,vegan_fisher_alpha/2.4-3
871, 2021-05 ,407544069613.5,mimodd_rebase/0.1.9
872, 2021-05 ,407158890876.7663,Cut1/Cut1
873, 2021-05 ,403215511240.8947,gmx_solvate/2020.2+galaxy0
874, 2021-05 ,401786526319.1176,ggplot2_point/2.2.1+galaxy2
875, 2021-05 ,401441238788.25,heinz_bum/1.0
876, 2021-05 ,396035711141.32623,CONVERTER_interval_to_bed12_0/CONVERTER_interval_to_bed12_0
877, 2021-05 ,394521356502.0,EMBOSS: sirna89/5.0.0
878, 2021-05 ,393921713930.59045,CONVERTER_gff_to_bed_0/CONVERTER_gff_to_bed_0
879, 2021-05 ,390739870369.0,snpEff_databases/4.3+T.galaxy1
880, 2021-05 ,387066481698.3609,CONVERTER_fasta_to_fai/CONVERTER_fasta_to_fai
881, 2021-05 ,383028634817.6928,comp1/comp1
882, 2021-05 ,378207525840.0,jbrowse/1.16.5+galaxy7
883, 2021-05 ,364629313725.2222,rseqc_infer_experiment/2.6.4
884, 2021-05 ,356266741355.4286,circos_aln_to_links/0.69.8+galaxy7
885, 2021-05 ,354977725371.0,bedtools_spacingbed/2.30.0
886, 2021-05 ,353280393938.8461,bedtools_mergebed/2.29.2
887, 2021-05 ,352531324805.71185,qualimap_multi_bamqc/2.2.2d
888, 2021-05 ,352363161616.4,plotly_ml_performance_plots/0.2
889, 2021-05 ,348800904394.6666,bandage_image/0.8.1+galaxy2
890, 2021-05 ,341058369442.75,CONVERTER_maf_to_interval_0/CONVERTER_maf_to_interval_0
891, 2021-05 ,340190099310.48517,vegan_diversity/2.4-3
892, 2021-05 ,336727671097.4,Interval_Maf_Merged_Fasta2/Interval_Maf_Merged_Fasta2
893, 2021-05 ,336585281193.30365,tp_easyjoin_tool/1.1.2
894, 2021-05 ,333663510701.5273,snpEff_databases/4.3+T.galaxy2
895, 2021-05 ,320719447267.0,bedtools_bedpetobam/2.30.0
896, 2021-05 ,318363921644.8269,uniprot/0.2
897, 2021-05 ,310989397361.0,snpEff_build_gb/4.3+T.galaxy3
898, 2021-05 ,303824460883.5765,CONVERTER_fasta_to_len/CONVERTER_fasta_to_len
899, 2021-05 ,296177467306.0,heinz_scoring/1.0
900, 2021-05 ,295817232645.0,EMBOSS: fuzzpro38/5.0.0.1
901, 2021-05 ,295794406313.3333,mothur_chop_seqs/1.39.5.0
902, 2021-05 ,295306516097.2,hetbox/1.0
903, 2021-05 ,286987424661.4193,multiqc/1.6
904, 2021-05 ,286588166865.85,cd_hit_dup/0.0.1
905, 2021-05 ,284059873860.5333,CONVERTER_bed_to_fli_0/CONVERTER_bed_to_fli_0
906, 2021-05 ,284034790996.9792,bcftools_reheader/1.10
907, 2021-05 ,282494716628.6666,raceid_inspectclusters/3.1
908, 2021-05 ,280398448843.5714,gffread/0.11.6.0
909, 2021-05 ,277457341307.6,CONVERTER_interval_to_bgzip_0/CONVERTER_interval_to_bgzip_0
910, 2021-05 ,274469645431.8333,tp_unfold_column_tool/1.1.1
911, 2021-05 ,273651316142.0,ggplot2_histogram/2.2.1+galaxy0
912, 2021-05 ,273180118356.0,mothur_get_oturep/1.39.5.0
913, 2021-05 ,272661621949.7143,modENCODEfly/modENCODEfly
914, 2021-05 ,272327830628.47055,CONVERTER_fasta_to_2bit/CONVERTER_fasta_to_2bit
915, 2021-05 ,271459701081.0,bcftools_call/1.4.0
916, 2021-05 ,268577390460.66663,bedtools_coveragebed/2.22.1
917, 2021-05 ,268073348186.0,kobas_identify/2.1.1
918, 2021-05 ,264620421703.54544,mothur_lefse/1.39.5.0
919, 2021-05 ,258922933904.90607,snpeff_sars_cov_2/4.5covid19
920, 2021-05 ,258007548421.0,raceid_inspecttrajectory/3.1
921, 2021-05 ,254900394804.7484,fasta2tab/1.1.1
922, 2021-05 ,254762293453.5193,sra_source/sra_source
923, 2021-05 ,253872302521.5,MAF_Reverse_Complement_1/MAF_Reverse_Complement_1
924, 2021-05 ,253319082393.72223,Interval2Maf1/Interval2Maf1
925, 2021-05 ,249211827034.66663,translate_bed/0.1.0
926, 2021-05 ,249099595128.0,EMBOSS: dotpath25/5.0.0.1
927, 2021-05 ,248884858135.51315,liftOver1/liftOver1
928, 2021-05 ,243307199041.23865,tab2fasta/1.1.1
929, 2021-05 ,242365608493.39023,CONVERTER_bed_to_gff_0/CONVERTER_bed_to_gff_0
930, 2021-05 ,240125269899.80557,trimmer/trimmer
931, 2021-05 ,237081780150.0,CONVERTER_gff_to_bgzip_0/CONVERTER_gff_to_bgzip_0
932, 2021-05 ,236136611262.0,jbrowse/1.16.10+galaxy0
933, 2021-05 ,232913987160.0,deeptools_plot_pca/3.1.2.0.0
934, 2021-05 ,231840012448.0,bedtools_bamtobed/2.29.0
935, 2021-05 ,224536581955.34567,compose_text_param/0.1.1
936, 2021-05 ,224344207836.0,cat_contigs/5.0.3.1
937, 2021-05 ,223722766614.0,bcftools_stats/1.4.0
938, 2021-05 ,222698545100.35,mothur_rename_seqs/1.39.5.0
939, 2021-05 ,222071104064.0,khmer_normalize_by_median/3.0.0a3+galaxy1
940, 2021-05 ,220650401230.47128,Add_a_column1/1.5
941, 2021-05 ,220060090006.8333,bcftools_cnv/1.10
942, 2021-05 ,218826675326.0,tbvcfreport/0.1.7+galaxy0
943, 2021-05 ,218148983659.9,vcfprimers/1.0.0_rc3+galaxy0
944, 2021-05 ,217796756719.5569,cat1/cat1
945, 2021-05 ,217579358841.09088,vcfbreakcreatemulti/1.0.0_rc3+galaxy0
946, 2021-05 ,216421268194.79712,tp_grep_tool/1.1.1
947, 2021-05 ,215864298336.0,raceid_trajectory/3.1
948, 2021-05 ,215699466665.0,vcffilter2/1.0.0_rc1+galaxy2
949, 2021-05 ,215465342164.2308,ggplot2_violin/2.2.1+galaxy0
950, 2021-05 ,215395565073.6452,mummer_delta_filter/4.0.0beta2+galaxy1
951, 2021-05 ,215071500552.8,mothur_summary_tax/1.39.5.0
952, 2021-05 ,213770416787.5,MAF_Thread_For_Species1/MAF_Thread_For_Species1
953, 2021-05 ,213300839415.0932,venn_list/0.1.1
954, 2021-05 ,210101205292.5,bedtools_multicovtbed/2.29.2
955, 2021-05 ,207574077145.00327,tp_head_tool/1.1.0
956, 2021-05 ,206886342933.09088,snpSift_int/4.3+t.galaxy0
957, 2021-05 ,205714304682.5,modENCODEworm/modENCODEworm
958, 2021-05 ,204246478295.75,hyphy_gard/2.5.31+galaxy1
959, 2021-05 ,198129474418.02817,ucsc_table_direct_archaea1/ucsc_table_direct_archaea1
960, 2021-05 ,197734688020.41663,bedtools_annotatebed/2.30.0
961, 2021-05 ,197329726773.16925,pca1/1.0.2
962, 2021-05 ,196171583272.97815,bedtools_multiintersectbed/2.30.0
963, 2021-05 ,195109638558.11765,collection_element_identifiers/0.0.2
964, 2021-05 ,192422895661.28568,vsearch_clustering/2.8.3.0
965, 2021-05 ,186697445624.1316,cshl_fastq_quality_filter/1.0.1
966, 2021-05 ,186042060278.34207,circos_tableviewer/0.69.8+galaxy7
967, 2021-05 ,184869485871.0,poretools_qualdist/0.6.1a1.0
968, 2021-05 ,184822972942.5,multiqc/1.0.0.0
969, 2021-05 ,184541417292.42856,tb_variant_filter/0.1.3+galaxy0
970, 2021-05 ,182786229619.3333,LinearRegression1/1.0.1
971, 2021-05 ,182620108200.41748,Filter1/Filter1
972, 2021-05 ,181276465084.0,bedtools_sortbed/2.30.0
973, 2021-05 ,180238364085.0,rseqc_geneBody_coverage2/2.6.4.1
974, 2021-05 ,179312651359.5,roary/3.13.0+galaxy0
975, 2021-05 ,177825838780.0,EMBOSS: oddcomp64/5.0.0.1
976, 2021-05 ,175753618269.0,poretools_tabular/0.6.1a1.0
977, 2021-05 ,175422258539.53333,crossmap_bed/0.3.7+galaxy1
978, 2021-05 ,174999103001.8,migmap/1.0.3+galaxy1
979, 2021-05 ,174262691589.5,CONVERTER_biom2_to_biom1/CONVERTER_biom2_to_biom1
980, 2021-05 ,171757670424.66666,umi_tools_count/0.5.5.1
981, 2021-05 ,171662942187.97107,cshl_fastq_to_fasta/1.0.0
982, 2021-05 ,171105032342.75,EMBOSS: pepwheel72/5.0.0.1
983, 2021-05 ,169948231872.0,picard_ReplaceSamHeader/2.18.2.1
984, 2021-05 ,169098042576.0,hyphy_absrel/2.5.31+galaxy0
985, 2021-05 ,168960525107.66666,scatterplot_rpy/1.0.3
986, 2021-05 ,168559723020.0,cca1/1.0.0
987, 2021-05 ,167534575320.0,modify_loom/0.7.5+galaxy0
988, 2021-05 ,166637350940.31372,tp_awk_tool/1.1.1
989, 2021-05 ,164965627464.0,ggplot2_heatmap2/2.2.1+galaxy1
990, 2021-05 ,164889761387.0,EMBOSS: lindna48/5.0.0.1
991, 2021-05 ,164301622152.3333,tn93_filter/1.0.6
992, 2021-05 ,162557303160.7647,tabular_to_fastq/1.1.5
993, 2021-05 ,161956698783.1875,bedtools_slopbed/2.29.0
994, 2021-05 ,161301706030.75,ncbi_blastdbcmd_info/2.10.1+galaxy0
995, 2021-05 ,158337267508.0,poretools_squiggle/0.6.1a1.1
996, 2021-05 ,157752489221.0,tp_split_on_column/0.2
997, 2021-05 ,156124963396.5873,get_flanks1/1.0.0
998, 2021-05 ,155812759438.0,transit_resampling/3.0.2+galaxy0
999, 2021-05 ,155392004343.0,gprofiler_random/0.1.7+galaxy11
1000, 2021-05 ,154282850463.0,valet/1.0.0
1001, 2021-05 ,152516767231.66666,vsearch_sorting/2.8.3.0
1002, 2021-05 ,151690429345.75,mothur_merge_groups/1.39.5.0
1003, 2021-05 ,150030446501.0,bamtools/0.0.1
1004, 2021-05 ,149369871095.0,CONVERTER_tar_to_directory/CONVERTER_tar_to_directory
1005, 2021-05 ,148747203800.66666,mothur_merge_count/1.39.5.0
1006, 2021-05 ,148645891246.0,ebi_metagenomics_run_downloader/0.1.0
1007, 2021-05 ,146710073922.63528,tp_find_and_replace/1.1.3
1008, 2021-05 ,146620715795.32812,wc_gnu/wc_gnu
1009, 2021-05 ,146493280080.0,naive_variant_caller/0.0.1
1010, 2021-05 ,144883018878.0,Add_a_column1/1.3.1
1011, 2021-05 ,144237136483.3333,EMBOSS: freak36/5.0.0.1
1012, 2021-05 ,143741963112.1,picard_CollectHsMetrics/2.18.2
1013, 2021-05 ,143121520124.7143,bedtools_multiintersectbed/2.29.2
1014, 2021-05 ,142999952468.35715,hgv_linkToGProfile/hgv_linkToGProfile
1015, 2021-05 ,142589358486.0,tsne/0.0.2
1016, 2021-05 ,142144356993.0,generate_matrix_for_pca_and_lda1/1.0.0
1017, 2021-05 ,139541397047.0,vcffilter2/1.0.0_rc1+galaxy3
1018, 2021-05 ,138151172939.0,ffindex_dbkit_merge/0.2+galaxy0
1019, 2021-05 ,137796222074.7857,biom_add_metadata/2.1.5.1
1020, 2021-05 ,137145482312.12251,Grep1/Grep1
1021, 2021-05 ,136072235408.16666,bedtools_sortbed/2.29.2
1022, 2021-05 ,135593982339.33331,circos_binlinks/0.69.8+galaxy7
1023, 2021-05 ,135396918746.54544,ebi_search_rest_results/0.1.1
1024, 2021-05 ,132284332186.73032,hgv_david/hgv_david
1025, 2021-05 ,130773469971.92856,mummer_show_coords/4.0.0beta2+galaxy1
1026, 2021-05 ,130595055996.0,CONVERTER_picard_interval_list_to_bed6/CONVERTER_picard_interval_list_to_bed6
1027, 2021-05 ,130283649033.84789,tp_sort_header_tool/1.1.1
1028, 2021-05 ,128201316371.20409,mimodd_varreport/0.1.9
1029, 2021-05 ,127270588905.0,poretools_nucdist/0.6.1a1.0
1030, 2021-05 ,126908097918.0,bcftools_plugin_setgt/1.10
1031, 2021-05 ,126031070493.34187,Show tail1/Show tail1
1032, 2021-05 ,125457408787.28572,picard_BedToIntervalList/2.18.2.1
1033, 2021-05 ,124024511024.0,EMBOSS: cirdna11/5.0.0
1034, 2021-05 ,123430103727.28088,collapse_dataset/4.2
1035, 2021-05 ,122814148258.72728,hyphy_annotate/2.5.31
1036, 2021-05 ,122682548664.66666,CONVERTER_wig_to_bigwig/CONVERTER_wig_to_bigwig
1037, 2021-05 ,122536927336.88235,bedtools_reldistbed/2.30.0
1038, 2021-05 ,122463846896.0,bcftools_reheader/1.4.0
1039, 2021-05 ,121779345097.35715,EMBOSS: equicktandem31/5.0.0.1
1040, 2021-05 ,121697552213.28,Summary_Statistics1/Summary_Statistics1
1041, 2021-05 ,121347037087.83331,samtools_flagstat/2.0.1
1042, 2021-05 ,119369161370.22221,trim_reads/1.0.0
1043, 2021-05 ,119320030728.0,poretools_winner/0.6.1a1.0
1044, 2021-05 ,118153711485.0,EMBOSS: dottup26/5.0.0
1045, 2021-05 ,117717278409.37653,tp_cut_tool/1.1.0
1046, 2021-05 ,117711016549.4,mimodd_header/0.1.9
1047, 2021-05 ,117592730947.1647,taxonomy_krona_chart/2.6.1.1
1048, 2021-05 ,116800872680.30768,__IMPORT_HISTORY__/__IMPORT_HISTORY__
1049, 2021-05 ,116223570000.0,blastxml_to_gapped_gff3/1.1
1050, 2021-05 ,116030729617.0,rapidnj/2.3.2
1051, 2021-05 ,115434900603.0,vsearch_alignment/2.8.3.0
1052, 2021-05 ,115106641679.0,tp_easyjoin_tool/1.1.1
1053, 2021-05 ,115016293920.61194,tp_replace_in_line/1.1.1
1054, 2021-05 ,114916093464.0,presto_buildconsensus/0.5.4
1055, 2021-05 ,114871066687.0,Condense characters1/Condense characters1
1056, 2021-05 ,114111667751.0,snippy_clean_full_aln/4.5.0
1057, 2021-05 ,112765067982.125,gtf_filter_by_attribute_values_list/gtf_filter_by_attribute_values_list
1058, 2021-05 ,112646474457.0,bedtools_makewindowsbed/2.29.2
1059, 2021-05 ,112637396651.6,repmatch_gff3/1.0.3
1060, 2021-05 ,112360091038.6092,fasta_compute_length/1.0.3
1061, 2021-05 ,111999380861.5,bcftools_plugin_mendelian/1.10
1062, 2021-05 ,111988784344.4,picard_MarkDuplicates/1.126.0
1063, 2021-05 ,110222993358.0,cufflinks/0.0.6
1064, 2021-05 ,109803646887.0909,bedtools_slopbed/2.30.0
1065, 2021-05 ,109441994525.33331,abricate_list/1.0.1
1066, 2021-05 ,108855905152.58331,gff_filter_by_feature_count/gff_filter_by_feature_count
1067, 2021-05 ,108837951018.4,gmx_editconf/2020.2+galaxy0
1068, 2021-05 ,108390568341.0,ks_distribution/1.0.3.0
1069, 2021-05 ,108241896617.25,bedtools_windowbed/2.29.0
1070, 2021-05 ,108070994986.86365,Extract_features1/Extract_features1
1071, 2021-05 ,107316707383.5,cat_prepare/5.0.3.0
1072, 2021-05 ,106986021626.0,bed_to_protein_map/0.2.0
1073, 2021-05 ,106785907601.25,phylorelatives/0.0.1
1074, 2021-05 ,106348545941.0,snpEff_download/4.3+T.galaxy1
1075, 2021-05 ,106211043586.28572,cor2/1.0.0
1076, 2021-05 ,105517696182.0,EMBOSS: shuffleseq87/5.0.0.1
1077, 2021-05 ,105312956854.0,mothur_pre_cluster/1.36.1.0
1078, 2021-05 ,104953000162.52264,datamash_reverse/1.1.0
1079, 2021-05 ,104774565067.44444,bedtools_fisher/2.29.0
1080, 2021-05 ,104577120630.75,vcfaddinfo/1.0.0_rc3+galaxy0
1081, 2021-05 ,104227580360.0,EMBOSS: cpgreport16/5.0.0.1
1082, 2021-05 ,104172409963.03596,ChangeCase/ChangeCase
1083, 2021-05 ,104116672418.0,tp_sort_header_tool/1.1.0
1084, 2021-05 ,102924501075.0,Extract genomic DNA 1/3.0.3
1085, 2021-05 ,102454496530.71428,CONVERTER_interval_to_tabix_0/CONVERTER_interval_to_tabix_0
1086, 2021-05 ,101946146478.0,mothur_get_otulist/1.39.5.0
1087, 2021-05 ,101698611079.8125,bedtools_maskfastabed/2.30.0
1088, 2021-05 ,101604982214.57048,datamash_ops/1.1.0
1089, 2021-05 ,100018706735.32668,mothur_make_biom/1.39.5.0
1090, 2021-05 ,99443924212.83331,mlst_list/2.19.0
1091, 2021-05 ,99254799248.0,bcftools_plugin_impute_info/1.10
1092, 2021-05 ,98864047864.8,lda_analy1/1.0.1
1093, 2021-05 ,98787598231.0,vcftools_annotate/0.1
1094, 2021-05 ,98547128838.0,cast/1.4.2
1095, 2021-05 ,98336392735.64285,EMBOSS: degapseq20/5.0.0
1096, 2021-05 ,98092821131.33331,hgv_sift/hgv_sift
1097, 2021-05 ,98060302503.83331,CONVERTER_interval_to_bed6_0/CONVERTER_interval_to_bed6_0
1098, 2021-05 ,97565895609.28572,gd_pca/1.0.0
1099, 2021-05 ,96296356396.17366,Add_a_column1/1.6
1100, 2021-05 ,96156532389.18307,mothur_remove_groups/1.39.5.0
1101, 2021-05 ,95102810834.024,Remove beginning1/Remove beginning1
1102, 2021-05 ,94998204560.0,sailfish/0.7.6.0
1103, 2021-05 ,94896111858.27028,cshl_fasta_formatter/1.0.1
1104, 2021-05 ,94668081634.92896,Show beginning1/Show beginning1
1105, 2021-05 ,94496742419.70737,replace_column_with_key_value_file/0.2
1106, 2021-05 ,94324493400.75,gff3.rebase/1.2
1107, 2021-05 ,93712384173.0,fastq_masker_by_quality/1.1.5
1108, 2021-05 ,93148205572.83331,snpSift_geneSets/4.3.0
1109, 2021-05 ,92975471717.75,align_families/2.15
1110, 2021-05 ,92777750198.97392,addName/0.2.0
1111, 2021-05 ,92731947950.0,hgv_pass/hgv_pass
1112, 2021-05 ,92577943966.85713,fasta_nucleotide_color_plot/1.0.1
1113, 2021-05 ,91856112693.71428,ivar_filtervariants/1.3.1+galaxy0
1114, 2021-05 ,91133538709.0,build_ucsc_custom_track_1/1.0.0
1115, 2021-05 ,90774384739.16,CONVERTER_vcf_to_tabix_0/CONVERTER_vcf_to_tabix_0
1116, 2021-05 ,90761689150.0,mothur_degap_seqs/1.39.5.0
1117, 2021-05 ,90665805120.0,EMBOSS: seqret84/5.0.0
1118, 2021-05 ,90295106044.0,in_silico_complementation/1.0.0
1119, 2021-05 ,90084273264.21951,samtools_slice_bam/2.0
1120, 2021-05 ,90077746190.0,fastq_paired_end_interlacer/1.2.0.1
1121, 2021-05 ,89532054459.98836,samtools_idxstats/2.0.3
1122, 2021-05 ,89460006490.0,gd_population_structure/1.0.0
1123, 2021-05 ,89333102307.87967,fasta_filter_by_length/1.2
1124, 2021-05 ,89274960669.35,mothur_make_lefse/1.39.5.0
1125, 2021-05 ,88934213372.18518,bedtools_clusterbed/2.30.0
1126, 2021-05 ,88839477667.75,bedtools_bedtoigv/2.29.2
1127, 2021-05 ,87725271550.0,samtools_slice_bam/0.0.1
1128, 2021-05 ,87623241027.0,megablast_xml_parser/1.0.1
1129, 2021-05 ,87437121778.08823,fasplit/357
1130, 2021-05 ,87310547792.4549,bcftools_consensus/1.10
1131, 2021-05 ,87297270182.8721,mothur_get_groups/1.39.5.0
1132, 2021-05 ,87107643979.2857,EMBOSS: diffseq22/5.0.0.1
1133, 2021-05 ,86949205514.21428,circos_bundlelinks/0.69.8+galaxy7
1134, 2021-05 ,86871711515.21428,mothur_remove_seqs/1.36.1.0
1135, 2021-05 ,86833293134.0,EMBOSS: revseq82/5.0.0
1136, 2021-05 ,86592267152.0,ems_variant_density_mapping/1.0.0
1137, 2021-05 ,86535198107.0,fastq_to_fasta_python/1.0.0
1138, 2021-05 ,86326963879.0,mothur_get_seqs/1.39.5.0
1139, 2021-05 ,86304501356.64516,EMBOSS: dotmatcher24/5.0.0.1
1140, 2021-05 ,85946169927.4,fastqc/0.64
1141, 2021-05 ,85858974562.0,bedtools_complementbed/2.30.0
1142, 2021-05 ,85332190257.55396,XY_Plot_1/1.0.2
1143, 2021-05 ,85280263310.0,mothur_cluster_classic/1.39.5.0
1144, 2021-05 ,85269073808.0,mimodd_info/0.1.9
1145, 2021-05 ,85248880843.48074,gops_merge_1/1.0.0
1146, 2021-05 ,84264434875.09091,snp_mapping_using_wgs/1.0.0
1147, 2021-05 ,83294274728.0,Profilegenerator/2.0.0
1148, 2021-05 ,83038967393.0,EMBOSS: sixpack90/5.0.0+galaxy2
1149, 2021-05 ,82870090199.57143,vcffilter2/1.0.0_rc1+galaxy1
1150, 2021-05 ,82712947477.33333,EMBOSS: water107/5.0.0.1
1151, 2021-05 ,82550745400.0,XY_Plot_1/1.0.1
1152, 2021-05 ,82510958337.8889,EMBOSS: extractfeat34/5.0.0.1
1153, 2021-05 ,82459836262.1,hgv_funDo/1.0.0
1154, 2021-05 ,82459354890.0,mothur_cluster_fragments/1.39.5.0
1155, 2021-05 ,81948512211.33333,gops_cluster_1/1.0.0
1156, 2021-05 ,81694171722.81818,vsearch_dereplication/2.8.3.0
1157, 2021-05 ,81629490205.01196,mothur_make_shared/1.39.5.0
1158, 2021-05 ,81603802222.48889,CONVERTER_ref_to_seq_taxomony/CONVERTER_ref_to_seq_taxomony
1159, 2021-05 ,81375875457.0,MAF_To_BED1/MAF_To_BED1
1160, 2021-05 ,81174371413.33241,gops_concat_1/1.0.1
1161, 2021-05 ,80897771870.0,poretools_events/0.6.1a1.1
1162, 2021-05 ,80863560413.14285,mothur_biom_info/1.39.5.0
1163, 2021-05 ,80696030655.05556,EMBOSS: compseq14/5.0.0.1
1164, 2021-05 ,80693717617.73941,vcfvcfintersect/1.0.0_rc3+galaxy0
1165, 2021-05 ,80670380445.0,metagenomeseq_normalizaton/1.16.0-0.0.1
1166, 2021-05 ,80397520530.21852,mothur_heatmap_sim/1.39.5.0
1167, 2021-05 ,79457997579.5838,fastqc/0.63
1168, 2021-05 ,79437031344.17471,lofreq_filter/2.1.5+galaxy0
1169, 2021-05 ,79076875452.83159,tab2fasta/1.1.0
1170, 2021-05 ,78800072383.25,allele_counts_1/1.2
1171, 2021-05 ,77985956766.0,bedtools_randombed/2.30.0
1172, 2021-05 ,77466454624.0,bcftools_plugin_mendelian/1.9+galaxy1
1173, 2021-05 ,77438321064.77107,mothur_cluster/1.39.5.0
1174, 2021-05 ,77324523928.00731,mothur_count_groups/1.39.5.0
1175, 2021-05 ,77156249552.66666,ncbi_makeprofiledb/2.10.1+galaxy0
1176, 2021-05 ,76918028829.54546,bedtools_fisher/2.30.0
1177, 2021-05 ,76875812446.88235,bedtools_groupbybed/2.30.0
1178, 2021-05 ,76324521589.33333,bedtools_closestbed/2.29.0
1179, 2021-05 ,76103907562.33333,mothur_phylotype/1.39.5.0
1180, 2021-05 ,75633765102.91304,CONVERTER_bed_to_tabix_0/CONVERTER_bed_to_tabix_0
1181, 2021-05 ,75605490967.66666,EMBOSS: trimseq103/5.0.0.1
1182, 2021-05 ,75601832951.4421,bedtools_mergebed/2.30.0
1183, 2021-05 ,75498214676.5,mothur_reverse_seqs/1.39.5.0
1184, 2021-05 ,75360053598.27913,mothur_taxonomy_to_krona/1.0
1185, 2021-05 ,75230270487.0,bedtools_intersectbed/2.27.1
1186, 2021-05 ,75084588345.27272,ctb_online_data_fetch/0.2
1187, 2021-05 ,74704807071.0,picard_CleanSam/1.126.0
1188, 2021-05 ,74312685517.63095,CONVERTER_len_to_linecount/CONVERTER_len_to_linecount
1189, 2021-05 ,74005222437.0,cshl_fastx_nucleotides_distribution/1.0.0
1190, 2021-05 ,73788920742.17647,cshl_fastx_nucleotides_distribution/1.0.1
1191, 2021-05 ,73696229791.87502,fasta_filter_by_length/1.1
1192, 2021-05 ,73563303855.6,tp_tac/1.1.0
1193, 2021-05 ,73237030901.25,get_pdb/0.1.0
1194, 2021-05 ,73234082734.42424,EMBOSS: extractseq35/5.0.0
1195, 2021-05 ,73171093077.75,vcfrandomsample/1.0.0_rc3+galaxy0
1196, 2021-05 ,73035114633.25,mothur_venn/1.39.5.0
1197, 2021-05 ,72908739628.0,rseqc_RNA_fragment_size/2.6.4.1
1198, 2021-05 ,72749981968.3963,bed_to_bigBed/bed_to_bigBed
1199, 2021-05 ,72658028300.0,CONVERTER_biom1_to_biom2/CONVERTER_biom1_to_biom2
1200, 2021-05 ,72561648059.15,bedtools_overlapbed/2.30.0
1201, 2021-05 ,72393028377.7,vcf_to_maf_customtrack1/vcf_to_maf_customtrack1
1202, 2021-05 ,71572518205.64705,EMBOSS: dottup26/5.0.0.1
1203, 2021-05 ,71528943013.0,vcfleftalign/1.0.0_rc3+galaxy0
1204, 2021-05 ,71276836650.4762,bedtools_subtractbed/2.29.2
1205, 2021-05 ,71162805204.0,sqlite_to_tabular/2.0.1
1206, 2021-05 ,70947448455.0,EMBOSS: pepwindow73/5.0.0.1
1207, 2021-05 ,70868366893.17308,EMBOSS: pepstats71/5.0.0
1208, 2021-05 ,70377676050.07289,newick_display/1.6+galaxy1
1209, 2021-05 ,70205565108.0,EMBOSS: splitter92/5.0.0.1
1210, 2021-05 ,69988228322.5,mixcr_analyze/3.0.5.0
1211, 2021-05 ,69770787980.0,mothur_pcoa/1.39.5.0
1212, 2021-05 ,69675008356.53731,EMBOSS: cusp17/5.0.0
1213, 2021-05 ,69473413823.33333,mimodd_delcall/0.1.9
1214, 2021-05 ,69400432667.25,CONVERTER_bcf_to_bcf_uncompressed/CONVERTER_bcf_to_bcf_uncompressed
1215, 2021-05 ,69215769649.38525,mothur_sub_sample/1.39.5.0
1216, 2021-05 ,68704899669.5,cshl_fastq_quality_converter/1.0.1
1217, 2021-05 ,68609309687.58824,EMBOSS: union105/5.0.0
1218, 2021-05 ,68477107208.6,hgv_ldtools/hgv_ldtools
1219, 2021-05 ,68199803085.0,meme_psp_gen/5.0.5.0
1220, 2021-05 ,67895929515.666664,bcftools_plugin_counts/1.4.0
1221, 2021-05 ,67842346023.0,EMBOSS: infoseq46/5.0.0
1222, 2021-05 ,67767317320.0,cshl_fastx_barcode_splitter/1.0.0
1223, 2021-05 ,67692967002.0,EMBOSS: prettyseq80/5.0.0.1
1224, 2021-05 ,67515853415.0,plant_tribes_gene_family_integrator/1.0.3.0
1225, 2021-05 ,67514390527.55556,gene2exon1/gene2exon1
1226, 2021-05 ,67123686102.545456,heatmap_1/1.0.0
1227, 2021-05 ,66839078406.5,tp_sort_rows/1.1.0
1228, 2021-05 ,66662184072.5,gd_extract_flanking_dna/1.0.0
1229, 2021-05 ,66177763369.77778,tp_cut_tool/1.0.0
1230, 2021-05 ,65991069983.47115,collapse_dataset/4.1
1231, 2021-05 ,65897486255.5,picard_AddOrReplaceReadGroups/1.126.0
1232, 2021-05 ,65585249279.5,vcfcheck/1.0.0_rc3+galaxy0
1233, 2021-05 ,65555968481.83333,EMBOSS: iep45/5.0.0.1
1234, 2021-05 ,65432655316.666664,mothur_pca/1.39.5.0
1235, 2021-05 ,65205905166.0,bcftools_gtcheck/1.10
1236, 2021-05 ,65087113680.9127,sam_merge2/1.2.0
1237, 2021-05 ,65018215790.0,mothur_cluster_split/1.36.1.0
1238, 2021-05 ,64885932252.166664,EMBOSS: newcpgseek58/5.0.0.1
1239, 2021-05 ,64880474004.0,rgPicardMarkDups/1.56.0
1240, 2021-05 ,64701539404.931816,cufflinks/2.2.1.0
1241, 2021-05 ,64319034671.0,bedtools_shufflebed/2.30.0
1242, 2021-05 ,64224265330.14285,newick_display/1.6
1243, 2021-05 ,64139741455.0,getalleleseq/0.0.1
1244, 2021-05 ,64136491285.79104,cshl_fastq_quality_boxplot/1.0.1
1245, 2021-05 ,63887871289.0,EMBOSS: tranalign100/5.0.0
1246, 2021-05 ,63814998573.0,bedtools_flankbed/2.27.0.0
1247, 2021-05 ,63710080677.0,circos/0.69.8+galaxy4
1248, 2021-05 ,63611193256.0,seqtk_listhet/1.3.1
1249, 2021-05 ,63503775764.5,samtools_view/1.9
1250, 2021-05 ,62499865635.0,Add_a_column1/1.1.0
1251, 2021-05 ,62189824440.0,bedtools_jaccard/2.30.0
1252, 2021-05 ,62149632170.8,bcftools_view/0.0.1
1253, 2021-05 ,61845009625.305084,mothur_summary_single/1.39.5.2
1254, 2021-05 ,61843894390.166664,gd_cluster_kegg/1.0.0
1255, 2021-05 ,61793258836.4,fastqc/0.52
1256, 2021-05 ,61583102420.0,gmx_sim/2020.2+galaxy0
1257, 2021-05 ,61515700061.8,tp_easyjoin_tool/1.0.0
1258, 2021-05 ,61424510032.14791,EMBOSS: geecee41/5.0.0
1259, 2021-05 ,60961897219.590576,cshl_fastx_collapser/1.0.0
1260, 2021-05 ,60884562341.928566,mothur_heatmap_bin/1.39.5.0
1261, 2021-05 ,60648824457.7,pileup_interval/1.0.3
1262, 2021-05 ,60634785348.4,varscan/0.1
1263, 2021-05 ,60574029315.71875,gfa_to_fa/0.1.2
1264, 2021-05 ,60557036180.666664,EMBOSS: backtranseq2/6.6.0
1265, 2021-05 ,60408444773.0,tp_grep_tool/1.1.0
1266, 2021-05 ,60071960440.0,cummerbund_to_cuffdiff/1.0.1
1267, 2021-05 ,59974663312.0,bcftools_convert_from_vcf/1.10
1268, 2021-05 ,59703289958.6129,gd_new_oscar/1.0.0
1269, 2021-05 ,59556817992.75,gops_basecoverage_1/1.0.0
1270, 2021-05 ,59399093457.33333,EMBOSS: checktrans9/5.0.0.1
1271, 2021-05 ,59296068530.0,ncbi_makeblastdb/0.3.3
1272, 2021-05 ,58487528140.0,mothur_chimera_slayer/1.39.5.0
1273, 2021-05 ,57486186323.0,microsatpurity/1.0.0
1274, 2021-05 ,56749391069.75,mothur_nmds/1.39.5.0
1275, 2021-05 ,56661309845.666664,sam_merge2/1.1.2
1276, 2021-05 ,56634766560.7,collapse_dataset/4.0
1277, 2021-05 ,56134155188.5,bedtools_reldistbed/2.29.2
1278, 2021-05 ,56132534691.0,EMBOSS: chips10/5.0.0
1279, 2021-05 ,54617651028.2381,mothur_summary_single/1.39.5.0
1280, 2021-05 ,54295109757.6,vcfdistance/1.0.0_rc3+galaxy0
1281, 2021-05 ,54200497410.33333,vcf2tsv/1.0.0_rc1+galaxy0
1282, 2021-05 ,54109661543.0,gd_pathway_image/1.0.0
1283, 2021-05 ,53338615715.31249,picard_MergeSamFiles/1.126.0
1284, 2021-05 ,52910066550.0,gmaj_1/2.0.1
1285, 2021-05 ,52873280430.0,vsearch_masking/2.8.3.0
1286, 2021-05 ,52850894452.666664,mothur_list_seqs/1.39.5.0
1287, 2021-05 ,52354776965.75,samtools_idxstats/2.0.1
1288, 2021-05 ,52049248682.75862,createInterval/createInterval
1289, 2021-05 ,50919598224.0,bamFilter/0.0.2
1290, 2021-05 ,50657097769.33333,tp_text_file_with_recurring_lines/1.1.0
1291, 2021-05 ,50459748160.0,galaxy_intermine_exchange/0.0.1
1292, 2021-05 ,50094322232.0,mothur_summary_shared/1.39.5.0
1293, 2021-05 ,49786359413.666664,mothur_unifrac_unweighted/1.39.5.0
1294, 2021-05 ,49355780672.0,tradis_gene_insert_sites/1.4.5+galaxy2
1295, 2021-05 ,48983461361.5,EMBOSS: plotorf76/5.0.0
1296, 2021-05 ,48868584642.44445,mothur_parsimony/1.39.5.0
1297, 2021-05 ,48088657224.0,mothur_homova/1.39.5.0
1298, 2021-05 ,47778498680.0,EMBOSS: antigenic1/5.0.0.1
1299, 2021-05 ,46525948908.50144,mothur_tree_shared/1.39.5.0
1300, 2021-05 ,46360278171.0,tp_sort_header_tool/1.0.0
1301, 2021-05 ,45704049075.0,lastz_d_wrapper/1.3.2
1302, 2021-05 ,45703637509.0,datamash_ops/1.0.6
1303, 2021-05 ,45457402852.0,macs2_callpeak/2.1.1.20160309.4
1304, 2021-05 ,45385700924.8,mothur_get_relabund/1.39.5.0
1305, 2021-05 ,44722364013.5,cloudmap_variant_discovery_mapping/1.0.0
1306, 2021-05 ,43767979000.0,freebayes/freebayes-0.9.14
1307, 2021-05 ,40600686128.0,idba_hybrid/1.1.3
1308, 2021-05 ,40020644901.33333,cuffmerge/2.2.1.0
1309, 2021-05 ,39560001131.0,EMBOSS: pepinfo69/5.0.0.1
1310, 2021-05 ,39437056127.0,spring_map/0.2+galaxy0
1311, 2021-05 ,39400969698.0,mothur_sort_seqs/1.39.5.0
1312, 2021-05 ,39053612538.0,EMBOSS: charge8/5.0.0.1
1313, 2021-05 ,38673276579.0,mothur_make_lefse/1.36.1.0
1314, 2021-05 ,38378869571.0,EMBOSS: coderet13/5.0.0
1315, 2021-05 ,34627717173.0,cufflinks/2.2.1.2
1316, 2021-05 ,33160234233.0,meme_meme/4.11.1.0
1317, 2021-05 ,31557315944.0,bedtools_intersectbed/2.24.0
1318, 2021-05 ,31512723109.0,EMBOSS: preg78/5.0.0+galaxy1
1319, 2021-05 ,31011626754.0,gd_extract_primers/1.0.0
1320, 2021-05 ,30382795440.0,EMBOSS: helixturnhelix43/5.0.0.1
1321, 2021-05 ,30076431282.8,bedtools_maskfastabed/2.29.2
1322, 2021-05 ,29677716762.0,pep_pointer/0.1.3
1323, 2021-05 ,29457909498.0,mothur_make_shared/1.36.1.0
1324, 2021-05 ,29378069262.0,ivar_filtervariants/1.2.2+galaxy0
