,month_year,avgmemory,tool_name_version
1, 2021-05 ,263846789.3333333,trinity/2.9.1
2, 2021-05 ,263846789.28571427,trinity/2.9.1+galaxy1
3, 2021-05 ,192411809.40766552,spades/3.12.0+galaxy1
4, 2021-05 ,161107427.8181818,kraken/1.3.1
5, 2021-05 ,131811876.0,Condense characters1/Condense characters1
6, 2021-05 ,131811876.0,CONVERTER_bedgraph_to_bigwig/CONVERTER_bedgraph_to_bigwig
7, 2021-05 ,131811876.0,CONVERTER_biom1_to_biom2/CONVERTER_biom1_to_biom2
8, 2021-05 ,131811876.0,CONVERTER_wiggle_to_interval_0/CONVERTER_wiggle_to_interval_0
9, 2021-05 ,131811876.0,CONVERTER_tar_to_directory/CONVERTER_tar_to_directory
10, 2021-05 ,131811876.0,CONVERTER_picard_interval_list_to_bed6/CONVERTER_picard_interval_list_to_bed6
11, 2021-05 ,131811876.0,CONVERTER_interval_to_tabix_0/CONVERTER_interval_to_tabix_0
12, 2021-05 ,131811876.0,wig_to_bigWig/wig_to_bigWig
13, 2021-05 ,131811876.0,mimodd_info/0.1.9
14, 2021-05 ,131811876.0,mimodd_delcall/0.1.9
15, 2021-05 ,131811876.0,mimodd_convert/0.1.9
16, 2021-05 ,131811876.0,iterative_map_pipeline/1.0
17, 2021-05 ,131811876.0,hgv_funDo/1.0.0
18, 2021-05 ,131811876.0,MAF_To_BED1/MAF_To_BED1
19, 2021-05 ,131811876.0,CONVERTER_bcf_to_bcf_uncompressed/CONVERTER_bcf_to_bcf_uncompressed
20, 2021-05 ,131811876.0,Interval2Maf1/Interval2Maf1
21, 2021-05 ,131811876.0,sklearn_svm_classifier/1.0.8.2
22, 2021-05 ,131811876.0,sklearn_train_test_eval/1.0.8.2
23, 2021-05 ,131811876.0,sklearn_train_test_split/1.0.8.2
24, 2021-05 ,131811876.0,mothur_bin_seqs/1.39.5.0
25, 2021-05 ,131811876.0,mothur_align_seqs/1.36.1.0
26, 2021-05 ,131811876.0,modify_loom/0.7.5+galaxy0
27, 2021-05 ,131811876.0,mixcr_analyze/3.0.5.0
28, 2021-05 ,131811876.0,minimap2/2.17+galaxy3
29, 2021-05 ,131811876.0,meme_meme/4.11.1.0
30, 2021-05 ,131811876.0,tp_easyjoin_tool/1.0.0
31, 2021-05 ,131811876.0,medaka_variant_pipeline/1.0.3+galaxy1
32, 2021-05 ,131811876.0,macs2_refinepeak/2.1.1.20160309.1
33, 2021-05 ,131811876.0,limma_voom/3.38.3+galaxy2
34, 2021-05 ,131811876.0,khmer_partition/3.0.0a3+galaxy1
35, 2021-05 ,131811876.0,khmer_count_median/3.0.0a3+galaxy1
36, 2021-05 ,131811876.0,khmer_abundance_distribution_single/3.0.0a3+galaxy1
37, 2021-05 ,131811876.0,tp_sort_header_tool/1.1.0
38, 2021-05 ,131811876.0,kallisto_pseudo/0.43.1.1
39, 2021-05 ,131811876.0,jbrowse/1.16.9+galaxy0
40, 2021-05 ,131811876.0,jbrowse/1.16.8+galaxy1
41, 2021-05 ,131811876.0,jbrowse/1.16.10+galaxy0
42, 2021-05 ,131811876.0,iwtomics_testandplot/1.0.0.0
43, 2021-05 ,131811876.0,iwtomics_plotwithscale/1.0.0.0
44, 2021-05 ,131811876.0,iwtomics_loadandplot/1.0.0.0
45, 2021-05 ,131811876.0,ivar_removereads/1.3.1+galaxy0
46, 2021-05 ,131811876.0,ivar_filtervariants/1.2.2+galaxy0
47, 2021-05 ,131811876.0,Interval2Maf1/1.0.1+galaxy0
48, 2021-05 ,131811876.0,idba_ud/1.1.3+galaxy1
49, 2021-05 ,131811876.0,gmx_sim/2020.2+galaxy0
50, 2021-05 ,131811876.0,idba_tran/1.1.3+galaxy0
51, 2021-05 ,131811876.0,hyphy_prime/2.5.31+galaxy1
52, 2021-05 ,131811876.0,hyphy_conv/2.5.31+galaxy1
53, 2021-05 ,131811876.0,taxonomy_krona_chart/2.6.1
54, 2021-05 ,131811876.0,hyphy_bgm/2.5.31+galaxy2
55, 2021-05 ,131811876.0,bamtools/0.0.1
56, 2021-05 ,131811876.0,bamtools/0.0.2
57, 2021-05 ,131811876.0,hyphy_absrel/2.5.31+galaxy1
58, 2021-05 ,131811876.0,hisat2/2.1.0+galaxy3
59, 2021-05 ,131811876.0,heinz_scoring/1.0
60, 2021-05 ,131811876.0,gprofiler_random/0.1.7+galaxy11
61, 2021-05 ,131811876.0,bowtie2/0.3
62, 2021-05 ,131811876.0,gprofiler_orth/0.1.7+galaxy11
63, 2021-05 ,131811876.0,CONVERTER_interval_to_bed6_0/CONVERTER_interval_to_bed6_0
64, 2021-05 ,131811876.0,bowtie2/2.3.4.3
65, 2021-05 ,131811876.0,genetrack/1.0.1
66, 2021-05 ,131811876.0,gatk4_mutect2/4.1.4.0+galaxy2
67, 2021-05 ,131811876.0,Extract genomic DNA 1/3.0.3
68, 2021-05 ,131811876.0,edger/3.24.1
69, 2021-05 ,131811876.0,bwa_mem/0.7.12.1
70, 2021-05 ,131811876.0,datamash_ops/1.0.6
71, 2021-05 ,131811876.0,Add_a_column1/1.1.0
72, 2021-05 ,131811876.0,Add_a_column1/1.3.1
73, 2021-05 ,131811876.0,circos_resample/0.69.8+galaxy7
74, 2021-05 ,131811876.0,circos_interval_to_text/0.69.8+galaxy7
75, 2021-05 ,131811876.0,cuffdiff/2.2.1.2
76, 2021-05 ,131811876.0,cuffdiff/2.2.1.5
77, 2021-05 ,131811876.0,circos/0.69.8+galaxy4
78, 2021-05 ,131811876.0,cat_summarise/5.0.3.0
79, 2021-05 ,131811876.0,cat_contigs/5.0.3.1
80, 2021-05 ,131811876.0,tradis_gene_insert_sites/1.4.5+galaxy2
81, 2021-05 ,131811876.0,bedtools_windowbed/2.29.0
82, 2021-05 ,131811876.0,cuffmerge/0.0.6
83, 2021-05 ,131811876.0,bedtools_unionbedgraph/2.29.2
84, 2021-05 ,131811876.0,bedtools_subtractbed/2.29.2
85, 2021-05 ,131811876.0,bedtools_sortbed/2.29.2
86, 2021-05 ,131811876.0,cummerbund_to_cuffdiff/1.0.1
87, 2021-05 ,131811876.0,bedtools_reldistbed/2.29.2
88, 2021-05 ,131811876.0,bedtools_randombed/2.30.0
89, 2021-05 ,131811876.0,bedtools_multiintersectbed/2.29.2
90, 2021-05 ,131811876.0,bedtools_multicovtbed/2.27.0.0
91, 2021-05 ,131811876.0,EMBOSS: coderet13/5.0.0
92, 2021-05 ,131811876.0,bedtools_map/2.30.0.2
93, 2021-05 ,131811876.0,bedtools_makewindowsbed/2.29.2
94, 2021-05 ,131811876.0,EMBOSS: cpgreport16/5.0.0.1
95, 2021-05 ,131811876.0,bedtools_intersectbed/2.27.1
96, 2021-05 ,131811876.0,bedtools_intersectbed/2.24.0
97, 2021-05 ,131811876.0,EMBOSS: dottup26/5.0.0
98, 2021-05 ,131811876.0,bedtools_flankbed/2.27.0.0
99, 2021-05 ,131811876.0,EMBOSS: epestfind29/5.0.0.1
100, 2021-05 ,131811876.0,bedtools_closestbed/2.29.0
101, 2021-05 ,131811876.0,EMBOSS: extractfeat34/5.0.0.1
102, 2021-05 ,131811876.0,bedtools_bedtoigv/2.29.2
103, 2021-05 ,131811876.0,bedtools_bedtobam/2.29.2
104, 2021-05 ,131811876.0,EMBOSS: helixturnhelix43/5.0.0.1
105, 2021-05 ,131811876.0,bedtools_bamtobed/2.29.0
106, 2021-05 ,131811876.0,EMBOSS: infoseq46/5.0.0
107, 2021-05 ,131811876.0,EMBOSS: lindna48/5.0.0.1
108, 2021-05 ,131811876.0,EMBOSS: newcpgreport57/5.0.0
109, 2021-05 ,131811876.0,bcftools_stats/1.4.0
110, 2021-05 ,131811876.0,EMBOSS: palindrome65/5.0.0.1
111, 2021-05 ,131811876.0,bcftools_roh/1.10
112, 2021-05 ,131811876.0,EMBOSS: pepinfo69/5.0.0.1
113, 2021-05 ,131811876.0,bcftools_reheader/1.4.0
114, 2021-05 ,131811876.0,EMBOSS: pepwindow73/5.0.0.1
115, 2021-05 ,131811876.0,bcftools_query/1.10
116, 2021-05 ,131811876.0,EMBOSS: polydot77/5.0.0.1
117, 2021-05 ,131811876.0,bcftools_plugin_tag2tag/1.9+galaxy1
118, 2021-05 ,131811876.0,bcftools_plugin_setgt/1.10
119, 2021-05 ,131811876.0,EMBOSS: prettyseq80/5.0.0.1
120, 2021-05 ,131811876.0,bcftools_plugin_missing2ref/1.9+galaxy1
121, 2021-05 ,131811876.0,bcftools_plugin_missing2ref/1.10
122, 2021-05 ,131811876.0,EMBOSS: seqret84/5.0.0
123, 2021-05 ,131811876.0,EMBOSS: shuffleseq87/5.0.0.1
124, 2021-05 ,131811876.0,EMBOSS: sirna89/5.0.0
125, 2021-05 ,131811876.0,bcftools_plugin_mendelian/1.10
126, 2021-05 ,131811876.0,EMBOSS: splitter92/5.0.0.1
127, 2021-05 ,131811876.0,EMBOSS: supermatcher95/5.0.0.1
128, 2021-05 ,131811876.0,bcftools_plugin_impute_info/1.9+galaxy1
129, 2021-05 ,131811876.0,bcftools_plugin_impute_info/1.10
130, 2021-05 ,131811876.0,EMBOSS: trimest102/5.0.0.1
131, 2021-05 ,131811876.0,bcftools_plugin_frameshifts/1.10
132, 2021-05 ,131811876.0,bcftools_plugin_fill_tags/1.10
133, 2021-05 ,131811876.0,bcftools_norm/1.9+galaxy1
134, 2021-05 ,131811876.0,bcftools_mpileup/1.4.0.0
135, 2021-05 ,131811876.0,bcftools_gtcheck/1.10
136, 2021-05 ,131811876.0,bcftools_convert_from_vcf/1.10
137, 2021-05 ,131811876.0,bcftools_concat/1.9+galaxy1
138, 2021-05 ,131811876.0,annotatemyids/3.7.0
139, 2021-05 ,131811876.0,annotatemyids/3.5.0.1
140, 2021-05 ,131811876.0,abricate_list/1.0.1
141, 2021-05 ,131811876.0,spring_map/0.2+galaxy0
142, 2021-05 ,131811876.0,hhsearch/3.2.0+galaxy0
143, 2021-05 ,131811876.0,ffindex_dbkit_merge/0.2+galaxy0
144, 2021-05 ,131811876.0,fastq_paired_end_interlacer/1.2.0.1
145, 2021-05 ,131811876.0,ems_variant_density_mapping/1.0.0
146, 2021-05 ,131811876.0,fastq_paired_end_joiner/2.0.1.1
147, 2021-05 ,131811876.0,in_silico_complementation/1.0.0
148, 2021-05 ,131811876.0,ks_distribution/1.0.3.0
149, 2021-05 ,131811876.0,plant_tribes_gene_family_integrator/1.0.3.0
150, 2021-05 ,131811876.0,search_gui/3.3.10.1
151, 2021-05 ,131811876.0,peptide_shaker/1.16.36.3
152, 2021-05 ,131811876.0,pep_pointer/0.1.3
153, 2021-05 ,131811876.0,bed_to_protein_map/0.2.0
154, 2021-05 ,131811876.0,multiqc/1.0.0.0
155, 2021-05 ,131811876.0,XY_Plot_1/1.0.1
156, 2021-05 ,131811876.0,fastq_quality_trimmer/1.0.0
157, 2021-05 ,131811876.0,fastqc/0.52
158, 2021-05 ,131811876.0,vcffilter2/1.0.0_rc1+galaxy3
159, 2021-05 ,131811876.0,fastqc/0.71
160, 2021-05 ,131811876.0,vcfaddinfo/1.0.0_rc3+galaxy0
161, 2021-05 ,131811876.0,cshl_fastx_barcode_splitter/1.0.0
162, 2021-05 ,131811876.0,cshl_fastx_clipper/1.0.1
163, 2021-05 ,131811876.0,t_test_two_samples/1.0.1
164, 2021-05 ,131811876.0,trim_reads/1.0.0
165, 2021-05 ,131811876.0,cshl_fastx_nucleotides_distribution/1.0.0
166, 2021-05 ,131811876.0,samtools_phase/2.0.1
167, 2021-05 ,131811876.0,samtools_idxstats/2.0
168, 2021-05 ,131811876.0,samtools_flagstat/1.0.0
169, 2021-05 ,131811876.0,rgPicardMarkDups/1.56.0
170, 2021-05 ,131811876.0,picard_artifact_metrics/2.18.2.1
171, 2021-05 ,131811876.0,featureCoverage1/2.0.0
172, 2021-05 ,131811876.0,picard_RevertSam/2.18.2.1
173, 2021-05 ,131811876.0,picard_ReplaceSamHeader/2.18.2.1
174, 2021-05 ,131811876.0,picard_QualityScoreDistribution/2.18.2.1
175, 2021-05 ,131811876.0,picard_MarkDuplicates/1.126.0
176, 2021-05 ,131811876.0,freebayes/freebayes-0.9.14
177, 2021-05 ,131811876.0,picard_CleanSam/1.126.0
178, 2021-05 ,131811876.0,ncbi_makeblastdb/0.3.3
179, 2021-05 ,131811876.0,microsats_align1/1.0.0
180, 2021-05 ,131811876.0,kpca1/1.0.0
181, 2021-05 ,131811876.0,rseqc_read_duplication/2.6.4
182, 2021-05 ,131811876.0,rseqc_geneBody_coverage2/2.6.4.1
183, 2021-05 ,131811876.0,make_families/0.3
184, 2021-05 ,131811876.0,make_families/2.15
185, 2021-05 ,131811876.0,allele_counts_1/1.2
186, 2021-05 ,131811876.0,gd_population_structure/1.0.0
187, 2021-05 ,131811876.0,gd_pathway_image/1.0.0
188, 2021-05 ,131811876.0,gd_new_oscar/1.0.0
189, 2021-05 ,131811876.0,gd_extract_primers/1.0.0
190, 2021-05 ,131811876.0,gd_extract_flanking_dna/1.0.0
191, 2021-05 ,131811876.0,gd_cluster_kegg/1.0.0
192, 2021-05 ,131811876.0,cutadapt/1.16.5
193, 2021-05 ,131811876.0,cutadapt/1.16.1
194, 2021-05 ,131811876.0,vsearch_alignment/2.8.3.0
195, 2021-05 ,131811876.0,vegan_rarefaction/2.4-3
196, 2021-05 ,131811876.0,vegan_fisher_alpha/2.4-3
197, 2021-05 ,131811876.0,transit_resampling/3.0.2+galaxy0
198, 2021-05 ,131811876.0,tn93_filter/1.0.6
199, 2021-05 ,131811876.0,tb_variant_filter/0.1.3+galaxy0
200, 2021-05 ,131811876.0,fastq_dump/2.9.1.3
201, 2021-05 ,131811876.0,sqlite_to_tabular/2.0.1
202, 2021-05 ,131811876.0,snpSift_dbnsfp/4.3.0
203, 2021-05 ,131811876.0,snpSift_rmInfo/4.3+t.galaxy0
204, 2021-05 ,131811876.0,snpEff_download/4.3+T.galaxy1
205, 2021-05 ,131811876.0,snpEff_build_gb/4.3+T.galaxy3
206, 2021-05 ,131811876.0,shovill/1.0.4+galaxy0
207, 2021-05 ,131811876.0,aggregate_scores_in_intervals2/aggregate_scores_in_intervals2
208, 2021-05 ,131811876.0,seqtk_mergepe/1.3.1
209, 2021-05 ,131811876.0,seqtk_listhet/1.3.1
210, 2021-05 ,131811876.0,seqtk_dropse/1.3.1
211, 2021-05 ,131811876.0,scikit_bio_diversity_beta_diversity/0.4.2.0
212, 2021-05 ,131811876.0,roary/3.13.0+galaxy0
213, 2021-05 ,131811876.0,cast/1.4.2
214, 2021-05 ,131811876.0,raceid_trajectory/3.1
215, 2021-05 ,131811876.0,raceid_inspecttrajectory/3.1
216, 2021-05 ,131811876.0,hgv_pass/hgv_pass
217, 2021-05 ,131811876.0,qualimap_counts/2.2.2d
218, 2021-05 ,131811876.0,master2pgSnp/master2pgSnp
219, 2021-05 ,131811876.0,modENCODEfly/modENCODEfly
220, 2021-05 ,131811876.0,purge_dups/1.2.5+galaxy1
221, 2021-05 ,131811876.0,presto_buildconsensus/0.5.4
222, 2021-05 ,131811876.0,presto_assemblepairs/0.5.4
223, 2021-05 ,131811876.0,poretools_winner/0.6.1a1.0
224, 2021-05 ,131811876.0,tabular_to_dbnsfp/tabular_to_dbnsfp
225, 2021-05 ,131811876.0,Profilegenerator/2.0.0
226, 2021-05 ,131811876.0,poretools_squiggle/0.6.1a1.1
227, 2021-05 ,131811876.0,poretools_nucdist/0.6.1a1.0
228, 2021-05 ,131811876.0,poretools_events/0.6.1a1.1
229, 2021-05 ,131811876.0,deeptools_bam_coverage/3.1.2.0.0
230, 2021-05 ,131811876.0,mothur_unique_seqs/1.36.1.0
231, 2021-05 ,131811876.0,mothur_summary_shared/1.39.5.0
232, 2021-05 ,131811876.0,deeptools_plot_coverage/3.3.0.0.0
233, 2021-05 ,131811876.0,mothur_reverse_seqs/1.39.5.0
234, 2021-05 ,131811876.0,mothur_rarefaction_shared/1.39.5.0
235, 2021-05 ,131811876.0,deeptools_plot_heatmap/2.5.0.0
236, 2021-05 ,131811876.0,mothur_phylotype/1.39.5.0
237, 2021-05 ,131811876.0,mothur_pca/1.39.5.0
238, 2021-05 ,131811876.0,deeptools_plot_pca/3.1.2.0.0
239, 2021-05 ,131811876.0,mothur_pairwise_seqs/1.39.5.0
240, 2021-05 ,131811876.0,mothur_nmds/1.39.5.0
241, 2021-05 ,131811876.0,mothur_merge_files/1.36.1.0
242, 2021-05 ,131811876.0,mothur_merge_count/1.39.5.0
243, 2021-05 ,131811876.0,mothur_make_shared/1.36.1.0
244, 2021-05 ,131811876.0,mothur_make_lefse/1.36.1.0
245, 2021-05 ,131811876.0,mothur_make_group/1.36.1.0
246, 2021-05 ,131811876.0,mothur_make_biom/1.36.1.0
247, 2021-05 ,131811876.0,mothur_get_oturep/1.39.5.0
248, 2021-05 ,131811876.0,keras_model_builder/0.5.0
249, 2021-05 ,131811876.0,mothur_get_otulist/1.39.5.0
250, 2021-05 ,131811876.0,model_prediction/1.0.8.2
251, 2021-05 ,131811876.0,plotly_ml_performance_plots/0.2
252, 2021-05 ,131811876.0,plotly_parallel_coordinates_plot/0.2
253, 2021-05 ,131811876.0,mothur_degap_seqs/1.39.5.0
254, 2021-05 ,131811876.0,sailfish/0.7.6.0
255, 2021-05 ,131811876.0,mothur_cluster_fragments/1.39.5.0
256, 2021-05 ,131811876.0,mothur_cluster_classic/1.39.5.0
257, 2021-05 ,131811876.0,mothur_clearcut/1.39.5.0
258, 2021-05 ,131811876.0,sklearn_data_preprocess/1.0.8.2
259, 2021-05 ,131811876.0,mothur_classify_tree/1.39.5.0
260, 2021-05 ,131811876.0,sklearn_nn_classifier/1.0.8.2
261, 2021-05 ,131811876.0,sklearn_sample_generator/1.0.8.2
262, 2021-05 ,131811876.0,mothur_chimera_slayer/1.39.5.0
263, 2021-05 ,131811876.0,sklearn_stacking_ensemble_models/1.0.8.2
264, 2021-05 ,131811857.33333331,bwa/0.7.12.1
265, 2021-05 ,131811853.6,cuffmerge/2.2.1.1
266, 2021-05 ,131811848.0,sam_to_bam/2.1
267, 2021-05 ,131811820.0,transdecoder/5.5.0+galaxy0
268, 2021-05 ,131811820.0,mothur_cluster_split/1.36.1.0
269, 2021-05 ,130884381.13761468,bcftools_query_list_samples/1.10
270, 2021-05 ,129404806.0,mummer_mummerplot/4.0.0beta2+galaxy1
271, 2021-05 ,129331767.610071,lofreq_call/2.1.5+galaxy0
272, 2021-05 ,129300149.25937033,qualimap_bamqc/2.2.2d+galaxy3
273, 2021-05 ,128550684.38709676,mothur_pcoa/1.39.5.0
274, 2021-05 ,128550684.38709676,multiqc/1.6
275, 2021-05 ,128201271.0,samtools_markdup/1.9+galaxy2
276, 2021-05 ,128067544.88888888,mothur_unifrac_weighted/1.39.5.0
277, 2021-05 ,127377799.68421052,CONVERTER_cram_to_bam_0/CONVERTER_cram_to_bam_0
278, 2021-05 ,127109692.74418604,mothur_get_groups/1.39.5.0
279, 2021-05 ,126546410.375,bcftools_reheader/1.10
280, 2021-05 ,125864997.1764706,masigpro/1.49.3.1+galaxy1
281, 2021-05 ,125864997.1764706,ebi_metagenomics_run_downloader/0.1.0
282, 2021-05 ,125864997.1764706,fastq_dump/2.10.4+galaxy1
283, 2021-05 ,125710000.9798158,ivar_trim/1.2.2+galaxy1
284, 2021-05 ,125684788.72727272,bedtools_fisher/2.30.0
285, 2021-05 ,125493313.75,mothur_chimera_vsearch/1.39.5.1
286, 2021-05 ,125072080.0,snpSift_vcfCheck/4.3+t.galaxy0
287, 2021-05 ,125072080.0,seqtk_sample/1.3.2
288, 2021-05 ,125072080.0,CONVERTER_interval_to_bgzip_0/CONVERTER_interval_to_bgzip_0
289, 2021-05 ,124989383.11656442,mothur_taxonomy_to_krona/1.0
290, 2021-05 ,123882704.23529412,EMBOSS: wordcount109/5.0.0.1
291, 2021-05 ,123387131.0,cummeRbund/2.16.0+galaxy1
292, 2021-05 ,123268472.61971831,ucsc_table_direct_archaea1/ucsc_table_direct_archaea1
293, 2021-05 ,123244338.7118644,qualimap_multi_bamqc/2.2.2d
294, 2021-05 ,123228173.5471698,porechop/0.2.3
295, 2021-05 ,123181649.41463415,intervene_pairwise/0.6.4
296, 2021-05 ,122853919.29113925,varscan_copynumber/2.4.3.2
297, 2021-05 ,122621245.09090908,snp_mapping_using_wgs/1.0.0
298, 2021-05 ,122621245.09090908,bwa/0.4.2
299, 2021-05 ,122621245.09090908,hyphy_annotate/2.5.31
300, 2021-05 ,122183596.0,picard_DownsampleSam/2.18.2.1
301, 2021-05 ,122132381.74468084,dada2_mergePairs/1.18+galaxy0
302, 2021-05 ,122091016.38461538,bcftools_convert_to_vcf/1.10
303, 2021-05 ,121702182.0,collapse_dataset/4.0
304, 2021-05 ,121702182.0,heinz_visualization/0.1.1
305, 2021-05 ,121702182.0,ivar_variants/1.3.1+galaxy0
306, 2021-05 ,121702182.0,bwa_mem/0.4.2
307, 2021-05 ,121702182.0,kc-align/1.0.2
308, 2021-05 ,121588588.04494382,collapse_dataset/4.2
309, 2021-05 ,121567386.08,jvarkit_wgscoverageplotter/20201223+galaxy0
310, 2021-05 ,121476083.21661343,replace_column_with_key_value_file/0.2
311, 2021-05 ,121280944.75,regex1/1.0.1
312, 2021-05 ,121170092.84210525,htseq_count/0.6.1galaxy1
313, 2021-05 ,121089052.08068056,bcftools_consensus/1.10
314, 2021-05 ,120882477.08108108,tp_uniq_tool/1.1.1
315, 2021-05 ,120823078.17391305,pygenomeTracks/3.6
316, 2021-05 ,120812331.18337408,picard_SamToFastq/2.18.2.2
317, 2021-05 ,120786900.37037036,compose_text_param/0.1.1
318, 2021-05 ,120578882.66666669,hyphy_slac/2.5.31+galaxy1
319, 2021-05 ,120578882.66666669,bedtools_fisher/2.29.0
320, 2021-05 ,120578882.66666669,ncbi_blastdbcmd_wrapper/2.10.1+galaxy0
321, 2021-05 ,120578882.66666669,gops_complement_1/1.0.0
322, 2021-05 ,120578882.66666669,rseqc_geneBody_coverage/2.6.4.2
323, 2021-05 ,120578882.66666669,rseqc_infer_experiment/2.6.4
324, 2021-05 ,120578882.66666669,rseqc_inner_distance/2.6.4.1
325, 2021-05 ,120578882.66666669,hgv_sift/hgv_sift
326, 2021-05 ,120226801.57663788,tp_find_and_replace/1.1.3
327, 2021-05 ,120191537.10344829,Add_a_column1/1.5
328, 2021-05 ,120146844.46153846,fasta_concatenate0/0.0.1
329, 2021-05 ,120056417.86046512,bedtools_genomecoveragebed/2.29.0
330, 2021-05 ,119918118.35294119,EMBOSS: union105/5.0.0
331, 2021-05 ,119720459.72252297,lofreq_viterbi/2.1.5+galaxy0
332, 2021-05 ,119564978.28028505,mothur_heatmap_sim/1.39.5.0
333, 2021-05 ,119529616.16644841,datamash_ops/1.1.0
334, 2021-05 ,119482980.87804878,bedtools_bamtobed/2.29.2
335, 2021-05 ,119174758.5,vcftools_slice/0.1
336, 2021-05 ,119174758.5,mothur_merge_groups/1.39.5.0
337, 2021-05 ,119174758.5,picard_EstimateLibraryComplexity/2.18.2.1
338, 2021-05 ,119174758.5,deseq2/2.1.8.3
339, 2021-05 ,119174758.5,melt/1.4.2
340, 2021-05 ,119174758.5,goslimmer/1.0.1
341, 2021-05 ,119174758.5,hyphy_cfel/2.5.31+galaxy1
342, 2021-05 ,119174758.5,bedtools_bedtoigv/2.30.0
343, 2021-05 ,119174758.5,bedtools_maskfastabed/2.30.0
344, 2021-05 ,119174758.5,align_families/2.15
345, 2021-05 ,119174758.5,gprofiler_snpense/0.1.7+galaxy11
346, 2021-05 ,119174756.0,unicycler/0.4.6.0
347, 2021-05 ,118986640.62785313,fastp/0.20.1+galaxy0
348, 2021-05 ,118720185.92805757,XY_Plot_1/1.0.2
349, 2021-05 ,118553260.9180328,mothur_sub_sample/1.39.5.0
350, 2021-05 ,118332284.0,lofreq_alnqual/2.1.5+galaxy0
351, 2021-05 ,118332284.0,crossmap_bed/0.3.7+galaxy1
352, 2021-05 ,118313205.1976372,Cut1/Cut1
353, 2021-05 ,118250091.36585367,gprofiler_gost/0.1.7+galaxy11
354, 2021-05 ,118150127.35135137,fastq_paired_end_joiner/2.0.1.0
355, 2021-05 ,118103816.33898304,vcfselectsamples/1.0.0_rc3+galaxy0
356, 2021-05 ,117893581.5378458,Add_a_column1/1.6
357, 2021-05 ,117867470.48275863,annotatemyids/3.7.0+galaxy2
358, 2021-05 ,117833842.49517684,EMBOSS: geecee41/5.0.0
359, 2021-05 ,117680045.67741936,multiqc/1.8+galaxy1
360, 2021-05 ,117658295.44,tb_profiler_profile/2.8.14+galaxy1
361, 2021-05 ,117622831.78947368,EMBOSS: fuzznuc37/5.0.2
362, 2021-05 ,117369456.0,newick_display/1.6
363, 2021-05 ,117369456.0,circos_aln_to_links/0.69.8+galaxy7
364, 2021-05 ,117369456.0,augustus_training/3.3.3
365, 2021-05 ,117369456.0,cor2/1.0.0
366, 2021-05 ,117369456.0,bcftools_isec/1.10
367, 2021-05 ,117369456.0,vcffilter2/1.0.0_rc1+galaxy1
368, 2021-05 ,117369456.0,EMBOSS: diffseq22/5.0.0.1
369, 2021-05 ,117369456.0,rna_star/2.7.2b
370, 2021-05 ,117291177.300813,bcftools_view/1.10
371, 2021-05 ,117168308.08913648,collection_column_join/0.0.3
372, 2021-05 ,116944678.94117647,mothur_venn/1.39.5.0
373, 2021-05 ,116797478.97029704,vegan_diversity/2.4-3
374, 2021-05 ,116330587.07897665,fastq_to_fasta_python/1.1.5
375, 2021-05 ,116315264.75912409,mothur_count_groups/1.39.5.0
376, 2021-05 ,116258500.61538462,bedtools_mergebed/2.29.2
377, 2021-05 ,116258500.61538462,seqtk_comp/1.3.1
378, 2021-05 ,116258500.61538462,circos_gc_skew/0.69.8+galaxy7
379, 2021-05 ,116230046.67654784,snpSift_filter/4.3+t.galaxy1
380, 2021-05 ,116207783.08695652,vcfannotate/1.0.0_rc3+galaxy0
381, 2021-05 ,116063561.26410028,samtools_idxstats/2.0.3
382, 2021-05 ,116015479.125,table_annovar/0.1
383, 2021-05 ,116001561.59471366,mothur_make_group/1.39.5.0
384, 2021-05 ,115849201.26315787,bedtools_flankbed/2.30.0
385, 2021-05 ,115849201.26315787,vcf2tsv/1.0.0_rc3+galaxy0
386, 2021-05 ,115702824.46730976,htseq_count/0.9.1
387, 2021-05 ,115636365.6,snap_training/2013_11_29+galaxy1
388, 2021-05 ,115636365.6,Summary_Statistics1/Summary_Statistics1
389, 2021-05 ,115591215.9183413,snpSift_extractFields/4.3+t.galaxy0
390, 2021-05 ,115505917.93548387,jq/1.0
391, 2021-05 ,115479241.5214724,mothur_unique_seqs/1.39.5.0
392, 2021-05 ,114962386.0,bandage_image/0.8.1+galaxy2
393, 2021-05 ,114962386.0,vcf2pgSnp/1.0.0
394, 2021-05 ,114962386.0,hyphy_strike_ambigs/2.5.31
395, 2021-05 ,114962386.0,gff_filter_by_feature_count/gff_filter_by_feature_count
396, 2021-05 ,114962386.0,seqtk_trimfq/1.3.1
397, 2021-05 ,114962386.0,bedtools_annotatebed/2.30.0
398, 2021-05 ,114962386.0,snippy_clean_full_aln/4.5.0
399, 2021-05 ,114962386.0,snpSift_geneSets/4.3.0
400, 2021-05 ,114962386.0,vcfflatten2/1.0.0_rc3+galaxy0
401, 2021-05 ,114962386.0,circos_binlinks/0.69.8+galaxy7
402, 2021-05 ,114962386.0,tp_sort_rows/1.1.0
403, 2021-05 ,114962386.0,vcfgenotypes/1.0.0_rc3+galaxy0
404, 2021-05 ,114962376.66666666,prokka/1.14.5
405, 2021-05 ,114962367.33333331,cutadapt/1.16.3
406, 2021-05 ,114888159.17180616,varscan/2.4.2
407, 2021-05 ,114759380.09638554,mothur_cluster/1.39.5.0
408, 2021-05 ,114676801.4237288,mothur_summary_single/1.39.5.2
409, 2021-05 ,114676801.4237288,column_order_header_sort/0.0.1
410, 2021-05 ,114644471.09433962,pe_histogram/1.0.1
411, 2021-05 ,114551422.82926828,tp_awk_tool/1.1.2
412, 2021-05 ,114548054.27868852,annotatemyids/3.12.0
413, 2021-05 ,114510050.69798657,mothur_count_seqs/1.39.5.0
414, 2021-05 ,114480972.0,samtools_split/1.9
415, 2021-05 ,114459416.14925373,ivar_variants/1.2.2+galaxy0
416, 2021-05 ,114435839.4375,rseqc_FPKM_count/2.6.4.1
417, 2021-05 ,114229799.47826087,bcftools_stats/1.10
418, 2021-05 ,114229799.47826087,gmx_setup/2020.2+galaxy0
419, 2021-05 ,114033213.08206688,join1/join1
420, 2021-05 ,113971239.52941176,mothur_classify_otu/1.39.5.0
421, 2021-05 ,113971239.52941176,rseqc_geneBody_coverage/2.6.4.3
422, 2021-05 ,113971239.52941176,collection_element_identifiers/0.0.2
423, 2021-05 ,113971239.52941176,bedtools_reldistbed/2.30.0
424, 2021-05 ,113928950.61333331,ggplot2_heatmap2/3.0.1
425, 2021-05 ,113839086.66666669,dropletutils/1.10.0+galaxy1
426, 2021-05 ,113758850.0,mothur_seq_error/1.39.5.0
427, 2021-05 ,113704961.37313432,gffcompare/0.11.2
428, 2021-05 ,113672472.88995215,mothur_make_shared/1.39.5.0
429, 2021-05 ,113596211.13513514,snpsift_vartype/4.3+t.galaxy0
430, 2021-05 ,113430614.18181819,snpSift_int/4.3+t.galaxy0
431, 2021-05 ,113430614.18181819,bedtools_jaccard/2.30.0
432, 2021-05 ,113430614.18181819,bedtools_slopbed/2.30.0
433, 2021-05 ,113430614.18181819,bedtools_coveragebed/2.30.0
434, 2021-05 ,113379837.2154696,mothur_remove_lineage/1.39.5.0
435, 2021-05 ,113277437.0,samtools_calmd/2.0.2
436, 2021-05 ,113090220.44444443,EMBOSS: primersearch81/5.0.0.1
437, 2021-05 ,113090220.44444443,CONVERTER_interval_to_bigwig_0/CONVERTER_interval_to_bigwig_0
438, 2021-05 ,113090217.62962964,maxquant/1.6.10.43+galaxy3
439, 2021-05 ,112948307.02040815,newick_display/1.6+galaxy1
440, 2021-05 ,112565154.6824748,bedtools_genomecoveragebed/2.29.2
441, 2021-05 ,112555316.0,gd_pca/1.0.0
442, 2021-05 ,112555316.0,cuffcompare/2.2.1.2
443, 2021-05 ,112467586.79726651,circos/0.69.8+galaxy7
444, 2021-05 ,112370156.76923075,EMBOSS: pepstats71/5.0.0
445, 2021-05 ,112358741.82866292,gops_subtract_1/1.0.0
446, 2021-05 ,112244726.32258064,bed_to_bigBed/bed_to_bigBed
447, 2021-05 ,112032039.91304348,cshl_fastx_artifacts_filter/1.0.1+galaxy0
448, 2021-05 ,111858532.57894737,intervene_upset/0.6.4
449, 2021-05 ,111820955.66101696,seq_filter_by_id/0.2.7
450, 2021-05 ,111814679.07692309,bamleftalign/1.3.1
451, 2021-05 ,111592488.0,cshl_fasta_nucleotides_changer/1.0.2
452, 2021-05 ,111592488.0,Interval_Maf_Merged_Fasta2/Interval_Maf_Merged_Fasta2
453, 2021-05 ,111592488.0,tp_grep_tool/1.1.0
454, 2021-05 ,111592488.0,repmatch_gff3/1.0.3
455, 2021-05 ,111592488.0,filtlong/0.2.0
456, 2021-05 ,111592488.0,feelnc/0.2
457, 2021-05 ,111592488.0,seurat/3.2.2+galaxy0
458, 2021-05 ,111592488.0,unipept/4.3.0
459, 2021-05 ,111592488.0,vcf_to_maf_customtrack1/vcf_to_maf_customtrack1
460, 2021-05 ,111592488.0,snpEff_databases/4.3+T.galaxy1
461, 2021-05 ,111592488.0,predict_pipeline/1.0
462, 2021-05 ,111592488.0,picard_CollectWgsMetrics/2.18.2.1
463, 2021-05 ,111592488.0,tbvcfreport/0.1.7+galaxy0
464, 2021-05 ,111592488.0,vcffixup/1.0.0_rc3+galaxy0
465, 2021-05 ,111592488.0,hetbox/1.0
466, 2021-05 ,111592488.0,kraken-translate/1.3.1
467, 2021-05 ,111592488.0,trinity_filter_low_expr_transcripts/2.9.1
468, 2021-05 ,111592488.0,trinity_super_transcripts/2.9.1
469, 2021-05 ,111592488.0,crossmap_vcf/0.3.7+galaxy1
470, 2021-05 ,111592488.0,bamleftalign/1.1.0.46-0
471, 2021-05 ,111592488.0,varscan/0.1
472, 2021-05 ,111592488.0,plotly_regression_performance_plots/0.1
473, 2021-05 ,111592488.0,sequence_content_trimmer/0.1
474, 2021-05 ,111592488.0,tp_split_on_column/0.2
475, 2021-05 ,111592488.0,circos_interval_to_tile/0.69.8+galaxy7
476, 2021-05 ,111592488.0,kraken-filter/1.3.1
477, 2021-05 ,111592472.8,fargene/0.1+galaxy1
478, 2021-05 ,111481595.56124315,ivar_consensus/1.2.2+galaxy0
479, 2021-05 ,111328181.1764706,snpfreqplot/1.0+galaxy3
480, 2021-05 ,111301370.79057592,tp_easyjoin_tool/1.1.2
481, 2021-05 ,111179847.42857143,mimodd_varreport/0.1.9
482, 2021-05 ,111147169.29505897,Filter1/Filter1
483, 2021-05 ,111010036.49382716,taxonomy_krona_chart/2.7.1
484, 2021-05 ,110997800.11764707,cshl_fastx_nucleotides_distribution/1.0.1
485, 2021-05 ,110997800.11764707,histogram_rpy/1.0.4
486, 2021-05 ,110895267.72413792,miniasm/0.3+galaxy0
487, 2021-05 ,110713384.17391305,samtools_merge/1.9
488, 2021-05 ,110606176.3902439,samtools_bedcov/2.0.2
489, 2021-05 ,110593999.7037037,datamash_reverse/1.1.0
490, 2021-05 ,110577403.39213026,gops_merge_1/1.0.0
491, 2021-05 ,110528309.68421052,goenrichment/2.0.1
492, 2021-05 ,110528309.68421052,rseqc_bam2wig/2.6.4
493, 2021-05 ,110528309.68421052,bedtools_makewindowsbed/2.30.0
494, 2021-05 ,110528297.68421052,prokka/1.12.0
495, 2021-05 ,110458936.91264668,bcftools_mpileup/1.10
496, 2021-05 ,110328776.25,EMBOSS: getorf42/5.0.0.1
497, 2021-05 ,110179779.66812228,bedtools_multiintersectbed/2.30.0
498, 2021-05 ,110148246.0,biom_add_metadata/2.1.5.1
499, 2021-05 ,110148246.0,bamSplit/2.4.0
500, 2021-05 ,110148246.0,snpSift_filter/4.3+t.galaxy0
501, 2021-05 ,110148245.14285713,sklearn_numeric_clustering/1.0.8.2
502, 2021-05 ,110148240.66666669,tophat2/0.9
503, 2021-05 ,110094755.55555557,CONVERTER_ref_to_seq_taxomony/CONVERTER_ref_to_seq_taxomony
504, 2021-05 ,109953078.16216215,bcftools_norm/1.10
505, 2021-05 ,109932687.49253732,tp_replace_in_line/1.1.1
506, 2021-05 ,109834280.34782608,medaka_variant/1.0.3+galaxy3
507, 2021-05 ,109800616.6345733,vcffilter2/1.0.0_rc3+galaxy3
508, 2021-05 ,109754361.81818181,mothur_merge_files/1.39.5.0
509, 2021-05 ,109696920.375,fastq_combiner/1.1.5
510, 2021-05 ,109696920.375,circos_wiggle_to_scatter/0.69.8+galaxy7
511, 2021-05 ,109679331.27272728,qualimap_bamqc/2.2.2c
512, 2021-05 ,109619859.31707317,samtools_slice_bam/2.0
513, 2021-05 ,109511077.11764707,qualimap_bamqc/2.2.2d+galaxy1
514, 2021-05 ,109345889.33333331,blastxml_to_tabular/2.10.1+galaxy0
515, 2021-05 ,109345889.33333331,picard_MarkDuplicates/2.18.2.1
516, 2021-05 ,109345889.33333331,gene2exon1/gene2exon1
517, 2021-05 ,109345889.33333331,mothur_make_fastq/1.39.5.0
518, 2021-05 ,109345889.33333331,macs2_bdgdiff/2.1.1.20160309.1
519, 2021-05 ,109345889.33333331,MAF_To_Fasta1/MAF_To_Fasta1
520, 2021-05 ,109345889.33333331,bamtools/2.4.0.0
521, 2021-05 ,109345889.33333331,ggplot2_heatmap/2.2.1
522, 2021-05 ,109345883.11111112,sina/1.7.2+galaxy0
523, 2021-05 ,109345876.88888888,bowtie2/2.2.6.2
524, 2021-05 ,109345874.22222222,featurecounts/1.6.2
525, 2021-05 ,109236831.14563107,CONVERTER_vcf_bgzip_to_tabix_0/CONVERTER_vcf_bgzip_to_tabix_0
526, 2021-05 ,109029466.98591548,mothur_remove_groups/1.39.5.0
527, 2021-05 ,108983534.25806452,split_file_to_collection/0.5.0
528, 2021-05 ,108952376.82802548,bcftools_plugin_counts/1.10+galaxy1
529, 2021-05 ,108835298.72727272,mimodd_varextract/0.1.9
530, 2021-05 ,108586903.2972973,kraken-report/1.3.1
531, 2021-05 ,108564348.3254717,tp_sort_header_tool/1.1.1
532, 2021-05 ,108481812.92307691,mimodd_map/0.1.9
533, 2021-05 ,108481812.92307691,samtools_slice_bam/0.0.1
534, 2021-05 ,108409802.92592593,bwa_mem/0.1
535, 2021-05 ,108386975.26829268,CONVERTER_bed_to_gff_0/CONVERTER_bed_to_gff_0
536, 2021-05 ,108364365.64401294,deeptools_plot_heatmap/3.3.2.0.1
537, 2021-05 ,108359921.26645768,snpSift_annotate/4.3+t.galaxy1
538, 2021-05 ,108222590.0,fastq_dump/2.10.8+galaxy0
539, 2021-05 ,108150890.0425532,scanpy_plot/1.7.1+galaxy0
540, 2021-05 ,108024360.70588236,PlasFlow/1.0
541, 2021-05 ,108024360.70588236,bandage_image/0.8.1+galaxy3
542, 2021-05 ,108024360.70588236,EMBOSS: dottup26/5.0.0.1
543, 2021-05 ,108024360.70588236,dada2_seqCounts/1.18+galaxy0
544, 2021-05 ,107867863.89473684,circos_tableviewer/0.69.8+galaxy7
545, 2021-05 ,107853988.9883836,bwa_mem/0.7.17.1
546, 2021-05 ,107840431.90378007,samtools_slice_bam/2.0.1
547, 2021-05 ,107807123.12328768,table_compute/0.9.2
548, 2021-05 ,107770530.51219513,charts/1.0.1
549, 2021-05 ,107741176.0,bamtools_split/2.4.0
550, 2021-05 ,107741176.0,genrich/0.5+galaxy2
551, 2021-05 ,107669323.1641791,EMBOSS: cusp17/5.0.0
552, 2021-05 ,107588159.32518336,qualimap_rnaseq/2.2.2d+galaxy1
553, 2021-05 ,107548610.4,CONVERTER_vcf_to_tabix_0/CONVERTER_vcf_to_tabix_0
554, 2021-05 ,107536318.9787234,CONVERTER_vcf_to_vcf_bgzip_0/CONVERTER_vcf_to_vcf_bgzip_0
555, 2021-05 ,107460058.33576642,mothur_remove_seqs/1.39.5.0
556, 2021-05 ,107220728.43243244,progressivemauve/2015_02_13.0
557, 2021-05 ,107192409.98963732,velveth/1.2.10.2
558, 2021-05 ,107099290.66666669,bedtools_getfastabed/2.29.0
559, 2021-05 ,107077152.64367816,mothur_make_contigs/1.39.5.1
560, 2021-05 ,106849668.5925926,fastq_paired_end_joiner/2.0.1.1+galaxy0
561, 2021-05 ,106769512.146789,nanoplot/1.28.2+galaxy1
562, 2021-05 ,106766712.6163142,deeptools_plot_correlation/3.3.2.0.0
563, 2021-05 ,106746514.80991736,rbc_mafft/7.221.3
564, 2021-05 ,106733565.30232558,jbrowse/1.16.11+galaxy0
565, 2021-05 ,106656295.49637216,cutadapt/1.16.6
566, 2021-05 ,106537641.0,dropletutils/1.2.1+2
567, 2021-05 ,106537641.0,cshl_fastx_renamer/0.0.14+galaxy1
568, 2021-05 ,106537641.0,medaka_consensus_pipeline/1.0.3+galaxy2
569, 2021-05 ,106537641.0,kraken-mpa-report/1.2.4
570, 2021-05 ,106537641.0,sklearn_generalized_linear/1.0.8.2
571, 2021-05 ,106537641.0,bedtools_shufflebed/2.30.0
572, 2021-05 ,106537641.0,crossmap_bam/0.3.7+galaxy1
573, 2021-05 ,106537641.0,vcfbedintersect/1.0.0_rc3+galaxy0
574, 2021-05 ,106537641.0,vcfcheck/1.0.0_rc3+galaxy0
575, 2021-05 ,106537641.0,tn93_cluster/1.0.6
576, 2021-05 ,106537641.0,vcffilter2/1.0.0_rc1+galaxy2
577, 2021-05 ,106537641.0,get_pdb/0.1.0
578, 2021-05 ,106537641.0,CONVERTER_fasta_to_bowtie_base_index/CONVERTER_fasta_to_bowtie_base_index
579, 2021-05 ,106537641.0,phylorelatives/0.0.1
580, 2021-05 ,106537641.0,picard_AddOrReplaceReadGroups/1.126.0
581, 2021-05 ,106537641.0,hyphy_fade/2.5.31+galaxy1
582, 2021-05 ,106537641.0,scanpy_normalize/1.7.1+galaxy0
583, 2021-05 ,106537641.0,gff3.rebase/1.2
584, 2021-05 ,106537641.0,scanpy_cluster_reduce_dimension/1.7.1+galaxy0
585, 2021-05 ,106537641.0,mothur_pcr_seqs/1.39.5.0
586, 2021-05 ,106537641.0,hyphy_busted/2.5.31+galaxy1
587, 2021-05 ,106537641.0,bandage_info/0.8.1+galaxy1
588, 2021-05 ,106537641.0,EMBOSS: newcpgreport57/5.0.0.1
589, 2021-05 ,106537641.0,poretools_tabular/0.6.1a1.0
590, 2021-05 ,106537641.0,poretools_stats/0.6.1a1.0
591, 2021-05 ,106537641.0,fasta_filter_by_length/1.1
592, 2021-05 ,106537641.0,ococo/0.1.2.6
593, 2021-05 ,106537641.0,samtools_idxstats/2.0.1
594, 2021-05 ,106537639.5,fasterq_dump/2.10.8+galaxy0
595, 2021-05 ,106537638.5862069,pilon/1.20.1
596, 2021-05 ,106537638.2,mothur_make_contigs/1.39.5.0
597, 2021-05 ,106537636.0,kobas_annotate/2.1.1
598, 2021-05 ,106309196.80525884,sort1/sort1
599, 2021-05 ,106160413.6119403,picard_MarkDuplicates/2.7.1.1
600, 2021-05 ,106136459.4074074,mothur_filter_seqs/1.39.5.0
601, 2021-05 ,106011945.75438596,unicycler/0.4.8.0
602, 2021-05 ,105815520.0,rgweblogo3/3.5.0
603, 2021-05 ,105722343.0967742,allele_counts_1/1.3.2
604, 2021-05 ,105715686.69805416,gops_concat_1/1.0.1
605, 2021-05 ,105601558.22222222,bedtools_clusterbed/2.30.0
606, 2021-05 ,105457545.48717947,fasta_merge_files_and_filter_unique_sequences/1.2.0
607, 2021-05 ,105371137.84615384,bcftools_consensus/1.10+galaxy1
608, 2021-05 ,105334106.0,samtool_filter2/1.8+galaxy1
609, 2021-05 ,105286342.72009248,lastz_wrapper_2/1.3.3
610, 2021-05 ,105279647.40271492,trim_galore/0.6.3
611, 2021-05 ,105266864.08938548,velvetoptimiser/2.2.6
612, 2021-05 ,105207418.10526316,idr/2.0.3
613, 2021-05 ,105050921.29411764,velvetg/1.2.10.1
614, 2021-05 ,104957998.6875,egsea/1.10.0
615, 2021-05 ,104929276.26363637,mothur_screen_seqs/1.39.5.1
616, 2021-05 ,104919823.4006152,fastq_dump/2.10.9+galaxy0
617, 2021-05 ,104891205.12,samtools_flagstat/2.0.3
618, 2021-05 ,104852692.0,generate_matrix_for_pca_and_lda1/1.0.0
619, 2021-05 ,104852692.0,anndata_manipulate/0.7.5+galaxy0
620, 2021-05 ,104852692.0,umi_tools_count/0.5.5.1
621, 2021-05 ,104852692.0,samtools_view/1.9+galaxy1
622, 2021-05 ,104790440.2418136,deseq2/2.11.40.6+galaxy1
623, 2021-05 ,104767161.59390864,fastq_groomer/1.1.5
624, 2021-05 ,104742203.5409836,diffbind/2.10.0
625, 2021-05 ,104635279.22580644,sam_dump/2.10.9+galaxy0
626, 2021-05 ,104364742.9683258,vcfhethom/1.0.0_rc3+galaxy0
627, 2021-05 ,104271435.05454545,megablast_wrapper/1.2.0
628, 2021-05 ,104239983.27272728,ebi_search_rest_results/0.1.1
629, 2021-05 ,104239983.27272728,crossmap_gff/0.3.7+galaxy1
630, 2021-05 ,104239983.27272728,msstats/3.22.0.0
631, 2021-05 ,104239982.63636364,mothur_trim_seqs/1.39.5.0
632, 2021-05 ,104239979.87878788,mothur_screen_seqs/1.39.5.0
633, 2021-05 ,104059774.8235294,CONVERTER_bam_to_qname_sorted_bam/CONVERTER_bam_to_qname_sorted_bam
634, 2021-05 ,104041417.66666669,busco/5.0.0+galaxy0
635, 2021-05 ,104022195.81042653,samtool_filter2/1.1.2
636, 2021-05 ,104010214.7,mothur_dist_seqs/1.39.5.0
637, 2021-05 ,103987026.87461774,mothur_summary_seqs/1.39.5.0
638, 2021-05 ,103939353.3271028,mothur_classify_seqs/1.39.5.0
639, 2021-05 ,103841722.6,dexseq_count/1.28.1.0
640, 2021-05 ,103729392.66666669,trimmer/trimmer
641, 2021-05 ,103707619.70628768,stringtie/2.1.1
642, 2021-05 ,103671490.63917527,__EXPORT_HISTORY__/__EXPORT_HISTORY__
643, 2021-05 ,103581434.3772392,deg_annotate/1.1.0
644, 2021-05 ,103552495.13385828,snpEff_build_gb/4.3+T.galaxy4
645, 2021-05 ,103504732.8,jbrowse/1.16.8+galaxy0
646, 2021-05 ,103421639.42465752,tp_multijoin_tool/1.1.1
647, 2021-05 ,103378361.625,rseqc_mismatch_profile/2.6.4
648, 2021-05 ,103378361.625,EMBOSS: cpgplot15/5.0.0
649, 2021-05 ,103369936.88,deeptools_plot_profile/3.3.2.0.0
650, 2021-05 ,103276449.38709676,varscan_mpileup/2.4.3.1
651, 2021-05 ,103257778.44274808,samtools_fastx/1.9+galaxy1
652, 2021-05 ,103241001.65217392,CONVERTER_bed_to_tabix_0/CONVERTER_bed_to_tabix_0
653, 2021-05 ,103182654.05309737,meme_meme/5.0.5.0
654, 2021-05 ,103167743.0,CONVERTER_bed_to_fli_0/CONVERTER_bed_to_fli_0
655, 2021-05 ,103116162.92857142,ucsc_table_direct1/ucsc_table_direct1
656, 2021-05 ,103079061.4736842,tab2fasta/1.1.0
657, 2021-05 ,103068628.35294119,ngsutils_bam_filter/0.5.9
658, 2021-05 ,103012747.69139466,CONVERTER_interval_to_bedstrict_0/CONVERTER_interval_to_bedstrict_0
659, 2021-05 ,102992381.84615384,mothur_rarefaction_single/1.39.5.0
660, 2021-05 ,102927036.0,deeptools_plot_heatmap/3.3.0.0.1
661, 2021-05 ,102927036.0,fasta_nucleotide_color_plot/1.0.1
662, 2021-05 ,102927036.0,picard_BedToIntervalList/2.18.2.1
663, 2021-05 ,102927036.0,crosscontamination_barcode_filter/0.3
664, 2021-05 ,102927036.0,sam_merge2/1.2.0
665, 2021-05 ,102927036.0,hgv_linkToGProfile/hgv_linkToGProfile
666, 2021-05 ,102927036.0,mothur_remove_seqs/1.36.1.0
667, 2021-05 ,102927036.0,subtract_query1/0.1
668, 2021-05 ,102927036.0,gffread/0.11.6.0
669, 2021-05 ,102927036.0,mothur_heatmap_bin/1.39.5.0
670, 2021-05 ,102927036.0,EMBOSS: equicktandem31/5.0.0.1
671, 2021-05 ,102927032.85714284,rnaspades/3.9.0.1
672, 2021-05 ,102927013.14285713,prokka/1.13
673, 2021-05 ,102860968.20494051,gops_join_1/1.0.0
674, 2021-05 ,102843489.41303508,fasta_filter_by_length/1.2
675, 2021-05 ,102766075.19521353,CONVERTER_gz_to_uncompressed/CONVERTER_gz_to_uncompressed
676, 2021-05 ,102708211.45454544,plotdexseq/1.28.1.0
677, 2021-05 ,102691561.76086956,Convert characters1/Convert characters1
678, 2021-05 ,102682246.03389832,dexseq/1.28.1+galaxy1
679, 2021-05 ,102649297.15384616,Kraken2Tax/1.2
680, 2021-05 ,102606093.33333331,biom_convert/2.1.5.3
681, 2021-05 ,102568959.47107439,vcfbreakcreatemulti/1.0.0_rc3+galaxy0
682, 2021-05 ,102505122.60674156,fastq_trimmer/1.1.5
683, 2021-05 ,102461151.48387095,EMBOSS: dotmatcher24/5.0.0.1
684, 2021-05 ,102419011.1758794,__SET_METADATA__/__SET_METADATA__
685, 2021-05 ,102401857.09090908,heatmap_1/1.0.0
686, 2021-05 ,102392128.0,mothur_pre_cluster/1.39.5.0
687, 2021-05 ,102277938.47191012,hgv_david/hgv_david
688, 2021-05 ,102180014.27586208,fastq_to_tabular/1.1.5
689, 2021-05 ,102166908.63157897,CONVERTER_fasta_to_fai/CONVERTER_fasta_to_fai
690, 2021-05 ,102151203.52066116,rseqc_bam_stat/2.6.4
691, 2021-05 ,102142551.28722157,multiqc/1.9+galaxy1
692, 2021-05 ,102114646.725,mothur_chimera_vsearch/1.39.5.2
693, 2021-05 ,102077481.88235293,tabular_to_fastq/1.1.5
694, 2021-05 ,102077481.88235293,ggplot2_point/2.2.1+galaxy2
695, 2021-05 ,101999104.56672157,picard_AddOrReplaceReadGroups/2.18.2.1
696, 2021-05 ,101972959.56484848,snpeff_sars_cov_2/4.5covid19
697, 2021-05 ,101964208.0,EMBOSS: transeq101/5.0.0
698, 2021-05 ,101963469.63496932,tp_cut_tool/1.1.0
699, 2021-05 ,101887177.504,cuffmerge/2.2.1.2
700, 2021-05 ,101857227.11111112,cshl_fastq_to_fasta/1.0.2
701, 2021-05 ,101857221.61111112,mothur_dist_shared/1.39.5.0
702, 2021-05 ,101826499.89214537,samtools_view/1.9+galaxy3
703, 2021-05 ,101756028.97297296,CONVERTER_bz2_to_uncompressed/CONVERTER_bz2_to_uncompressed
704, 2021-05 ,101733447.57024792,rseqc_read_distribution/2.6.4.1
705, 2021-05 ,101730884.65030676,picard_MergeSamFiles/2.18.2.1
706, 2021-05 ,101611991.36741214,tp_grep_tool/1.1.1
707, 2021-05 ,101594709.43173432,cshl_fastx_reverse_complement/1.0.2+galaxy0
708, 2021-05 ,101518019.41463415,limma_voom/3.38.3+galaxy3
709, 2021-05 ,101511926.3054755,mothur_tree_shared/1.39.5.0
710, 2021-05 ,101482794.0,CONVERTER_sam_to_bigwig_0/CONVERTER_sam_to_bigwig_0
711, 2021-05 ,101482794.0,CONVERTER_Bam_Bai_0/CONVERTER_Bam_Bai_0
712, 2021-05 ,101482794.0,multiqc/1.9
713, 2021-05 ,101482794.0,random_lines1/random_lines1
714, 2021-05 ,101482794.0,scanpy_filter/1.7.1+galaxy0
715, 2021-05 ,101482794.0,pygenomeTracks/3.5
716, 2021-05 ,101482794.0,CONVERTER_biom2_to_biom1/CONVERTER_biom2_to_biom1
717, 2021-05 ,101482794.0,CONVERTER_bed_to_bgzip_0/CONVERTER_bed_to_bgzip_0
718, 2021-05 ,101482794.0,volcanoplot/0.0.3
719, 2021-05 ,101482794.0,snpEff_databases/4.3+T.galaxy2
720, 2021-05 ,101482787.35238096,deeptools_plot_coverage/3.3.2.0.0
721, 2021-05 ,101482786.4,cuffnorm/2.2.1.3
722, 2021-05 ,101482782.0,plant_tribes_kaks_analysis/1.0.3.0
723, 2021-05 ,101448286.29351535,cuffmerge/0.0.5
724, 2021-05 ,101434867.26733764,upload1/upload1
725, 2021-05 ,101394883.6173913,rseqc_infer_experiment/2.6.4.1
726, 2021-05 ,101279243.11409396,pileup_parser/1.0.2
727, 2021-05 ,101103249.17406145,macs2_callpeak/2.1.1.20160309.6
728, 2021-05 ,101025153.5308642,fastq_paired_end_splitter/1.1.5
729, 2021-05 ,101001380.0,mothur_fastq_info/1.39.5.0
730, 2021-05 ,100989638.19512196,snpEff_download/4.3+T.galaxy2
731, 2021-05 ,100968741.76271185,samtools_mpileup/2.1.3
732, 2021-05 ,100921144.33333331,vsearch_chimera_detection/1.9.7.0
733, 2021-05 ,100915895.27102804,cshl_fastx_collapser/1.0.1
734, 2021-05 ,100888103.48235294,mothur_cluster_split/1.39.5.0
735, 2021-05 ,100773341.78947368,meme_chip/4.11.2+galaxy1
736, 2021-05 ,100755953.25490196,gffread/2.2.1.2
737, 2021-05 ,100705125.23076925,circgraph/0.9-RC2
738, 2021-05 ,100705125.23076925,Show tail1/Show tail1
739, 2021-05 ,100705125.23076925,ggplot2_violin/2.2.1+galaxy0
740, 2021-05 ,100705120.6153846,trinity_align_and_estimate_abundance/2.9.1
741, 2021-05 ,100701059.57157785,lofreq_call/2.1.5+galaxy1
742, 2021-05 ,100659911.93023255,fastq_stats/1.1.5
743, 2021-05 ,100471824.6,picard_NormalizeFasta/2.18.2.1
744, 2021-05 ,100367913.39828694,sra_source/sra_source
745, 2021-05 ,100318924.03611737,edger/3.24.1+galaxy1
746, 2021-05 ,100257376.54545455,samtools_mpileup/2.1.4
747, 2021-05 ,100219079.125,rnaspades/3.9.0.2
748, 2021-05 ,100155258.42424242,picard_CollectInsertSizeMetrics/2.18.2.1
749, 2021-05 ,100042890.14868584,fastqc/0.72+galaxy1
750, 2021-05 ,100038552.0,CONVERTER_gff_to_bed_0/CONVERTER_gff_to_bed_0
751, 2021-05 ,99990276.50139277,Extract genomic DNA 1/3.0.3+galaxy2
752, 2021-05 ,99985061.55555555,CONVERTER_gff_to_fli_0/CONVERTER_gff_to_fli_0
753, 2021-05 ,99970320.09448819,tp_cat/0.1.0
754, 2021-05 ,99914980.4919786,CONVERTER_interval_to_bed12_0/CONVERTER_interval_to_bed12_0
755, 2021-05 ,99886526.5263158,umi_tools_extract/0.5.5.1
756, 2021-05 ,99789023.2774869,Count1/Count1
757, 2021-05 ,99756743.75609757,gatk4_mutect2/4.1.7.0+galaxy02
758, 2021-05 ,99698730.35294116,taxonomy_krona_chart/2.6.1.1
759, 2021-05 ,99686191.75301203,comp1/comp1
760, 2021-05 ,99680290.41860464,naive_variant_caller/0.0.4
761, 2021-05 ,99673033.96296296,bedtools_bamtobed/2.30.0
762, 2021-05 ,99517020.16666666,bedtools_closestbed/2.30.0
763, 2021-05 ,99460855.2,fastqc/0.69
764, 2021-05 ,99446308.87769784,CONVERTER_bed_gff_or_vcf_to_bigwig_0/CONVERTER_bed_gff_or_vcf_to_bigwig_0
765, 2021-05 ,99394922.41304348,bedtools_intersectbed/2.29.0
766, 2021-05 ,99384555.62264152,anndata_import/0.7.5+galaxy0
767, 2021-05 ,99349555.81651376,deeptools_plot_pca/3.3.2.0.0
768, 2021-05 ,99320538.62798634,cat1/cat1
769, 2021-05 ,99316431.0,EMBOSS: needle56/5.0.0.1
770, 2021-05 ,99316431.0,tp_sorted_uniq/1.1.0
771, 2021-05 ,99052708.19123505,bamFilter/2.4.1
772, 2021-05 ,99030442.48514852,Grep1/Grep1
773, 2021-05 ,98981426.41237111,ncbi_acc_download/0.2.5+galaxy0
774, 2021-05 ,98955369.1,bowtie_wrapper/1.1.2
775, 2021-05 ,98896593.20930232,trinity_abundance_estimates_to_matrix/2.9.1
776, 2021-05 ,98800630.28571427,rseqc_junction_annotation/2.6.4.1
777, 2021-05 ,98796823.63837638,cat_multiple/0.2
778, 2021-05 ,98740270.62765956,picard_SortSam/2.18.2.1
779, 2021-05 ,98725604.72727272,Add_a_column1/1.2.0
780, 2021-05 ,98689628.0,ncbi_tblastn_wrapper/2.10.1+galaxy0
781, 2021-05 ,98689509.33333331,ncbi_tblastx_wrapper/2.10.1+galaxy0
782, 2021-05 ,98654680.244373,bedtools_getfastabed/2.30.0
783, 2021-05 ,98531516.8695652,venn_list/0.1.1
784, 2021-05 ,98398480.57627119,scanpy_inspect/1.7.1+galaxy0
785, 2021-05 ,98397035.79763912,fastq_join/1.1.2-806.1
786, 2021-05 ,98234552.96750903,goseq/1.36.0+galaxy0
787, 2021-05 ,98175884.74766356,gops_intersect_1/1.0.0
788, 2021-05 ,98112896.0,EMBOSS: sixpack90/5.0.0+galaxy2
789, 2021-05 ,98112896.0,LinearRegression1/1.0.1
790, 2021-05 ,98112896.0,ncbi_makeprofiledb/2.10.1+galaxy0
791, 2021-05 ,98112896.0,picard_AddOrReplaceReadGroups/2.7.1.0
792, 2021-05 ,98112896.0,sam_bw_filter/1.0.0
793, 2021-05 ,98112896.0,samtools_rmdup/2.0.1
794, 2021-05 ,98112896.0,scatterplot_rpy/1.0.3
795, 2021-05 ,98112896.0,vcf2tsv/1.0.0_rc1+galaxy0
796, 2021-05 ,98112896.0,vcfannotategenotypes/1.0.0_rc3+galaxy0
797, 2021-05 ,98112896.0,translate_bed/0.1.0
798, 2021-05 ,98112896.0,bam_to_scidx/1.0.1
799, 2021-05 ,98112896.0,basil/1.2.0
800, 2021-05 ,98112896.0,bcftools_plugin_counts/1.4.0
801, 2021-05 ,98112896.0,EMBOSS: trimseq103/5.0.0.1
802, 2021-05 ,98112896.0,EMBOSS: prettyplot79/5.0.0.1
803, 2021-05 ,98112896.0,EMBOSS: newcpgseek58/5.0.0.1
804, 2021-05 ,98112896.0,EMBOSS: iep45/5.0.0.1
805, 2021-05 ,98112896.0,EMBOSS: freak36/5.0.0.1
806, 2021-05 ,98112896.0,bedtools_complementbed/2.30.0
807, 2021-05 ,98112896.0,bedtools_coveragebed/2.22.1
808, 2021-05 ,98112896.0,EMBOSS: chips10/5.0.0
809, 2021-05 ,98112896.0,bedtools_nucbed/2.30.0
810, 2021-05 ,98112896.0,EMBOSS: backtranseq2/6.6.0
811, 2021-05 ,98112896.0,cuffmerge/2.2.1.0
812, 2021-05 ,98112896.0,busco/4.1.4
813, 2021-05 ,98112896.0,gops_cluster_1/1.0.0
814, 2021-05 ,98112896.0,edger/3.20.7.2
815, 2021-05 ,98112896.0,hyphy_bgm/2.5.31+galaxy1
816, 2021-05 ,98112896.0,tp_unfold_column_tool/1.1.1
817, 2021-05 ,98112896.0,macs2_callpeak/2.1.1.20160309.4
818, 2021-05 ,98112896.0,macs2_randsample/2.1.1.20160309.1
819, 2021-05 ,98112896.0,mlst_list/2.19.0
820, 2021-05 ,98112896.0,tp_awk_tool/1.1.1
821, 2021-05 ,98112896.0,mothur_parsimony/1.39.5.0
822, 2021-05 ,98112896.0,mothur_summary_single/1.39.5.0
823, 2021-05 ,98112896.0,mothur_summary_tax/1.39.5.0
824, 2021-05 ,98112896.0,msaboot/0.1.2
825, 2021-05 ,98112896.0,pathview/1.24.0+galaxy0
826, 2021-05 ,98112896.0,poretools_hist/0.6.1a1.1
827, 2021-05 ,98112896.0,poretools_qualdist/0.6.1a1.0
828, 2021-05 ,98112896.0,microsatellite/1.0.0
829, 2021-05 ,98112896.0,raceid_clustering/3.1
830, 2021-05 ,98112896.0,raceid_filtnormconf/3.1
831, 2021-05 ,98112896.0,raceid_inspectclusters/3.1
832, 2021-05 ,98112896.0,samtools_fixmate/1.9
833, 2021-05 ,98112896.0,snpEff_get_chr_names/4.3+T.galaxy2
834, 2021-05 ,98112896.0,stringtie/1.0.3
835, 2021-05 ,98112896.0,tb_profiler_profile/2.8.4+galaxy1
836, 2021-05 ,98112896.0,transit_hmm/3.0.2+galaxy0
837, 2021-05 ,98112896.0,trinity_run_de_analysis/2.9.1
838, 2021-05 ,98112896.0,trinotate/3.1.1
839, 2021-05 ,98112896.0,vsearch_chimera_detection/2.8.3.0
840, 2021-05 ,98112896.0,vsearch_sorting/2.8.3.0
841, 2021-05 ,98112896.0,CONVERTER_gff_to_interval_index_0/CONVERTER_gff_to_interval_index_0
842, 2021-05 ,98112896.0,rseqc_RPKM_saturation/2.6.4.1
843, 2021-05 ,98112896.0,mimodd_vcf_filter/0.1.9
844, 2021-05 ,98112892.66666666,migmap/1.0.3+galaxy1
845, 2021-05 ,98112892.0,fasterq_dump/2.10.7+galaxy1
846, 2021-05 ,98112886.66666666,quast/4.6.3
847, 2021-05 ,98112883.33333331,disco/1.2.0
848, 2021-05 ,97864881.42778288,bedtools_intersectbed/2.30.0
849, 2021-05 ,97758169.89473683,bedtools_mergebed/2.30.0
850, 2021-05 ,97746602.73913044,chipseeker/1.18.0+galaxy1
851, 2021-05 ,97706884.19277108,filter_by_fasta_ids/2.3
852, 2021-05 ,97657504.37837836,tp_tail_tool/1.1.0
853, 2021-05 ,97657504.37837836,regexColumn1/1.0.1
854, 2021-05 ,97541726.84745762,macs2_bdgpeakcall/2.1.1.20160309.0
855, 2021-05 ,97519793.952,Remove beginning1/Remove beginning1
856, 2021-05 ,97519081.37444933,table_annovar/0.2
857, 2021-05 ,97395896.42553192,flanking_features_1/4.0.1
858, 2021-05 ,97395896.42553192,Paste1/Paste1
859, 2021-05 ,97359846.16759776,cshl_fastx_trimmer/1.0.2+galaxy0
860, 2021-05 ,97347010.0909091,cufflinks/2.2.1.0
861, 2021-05 ,97333728.83236994,fastqc/0.63
862, 2021-05 ,97290969.65853658,vcfcombine/1.0.0_rc3+galaxy0
863, 2021-05 ,97225215.55121952,picard_MarkDuplicates/2.18.2.2
864, 2021-05 ,97128984.17518248,anndata_inspect/0.7.5+galaxy0
865, 2021-05 ,97090877.75409837,fasta2tab/1.1.1
866, 2021-05 ,97008011.40983607,Show beginning1/Show beginning1
867, 2021-05 ,96989596.66666666,bcftools_concat/1.10
868, 2021-05 ,96965693.46382977,dada2_dada/1.18+galaxy0
869, 2021-05 ,96887478.54545455,fastqe/0.2.6+galaxy1
870, 2021-05 ,96816781.38461538,uniprot/0.2
871, 2021-05 ,96623438.32044199,picard_CleanSam/2.18.2.1
872, 2021-05 ,96581124.18181817,collapse_dataset/5.1.0
873, 2021-05 ,96563517.6091954,bcftools_annotate/1.10
874, 2021-05 ,96497185.6438356,trinity_align_and_estimate_abundance/2.9.1+galaxy1
875, 2021-05 ,96427947.0,cd_hit_dup/0.0.1
876, 2021-05 ,96427939.7,deeptools_compute_matrix/3.1.2.0.0
877, 2021-05 ,96339265.47368419,cshl_fastx_quality_statistics/1.0.1
878, 2021-05 ,96301122.88172045,CONVERTER_interval_to_bed_0/CONVERTER_interval_to_bed_0
879, 2021-05 ,96291329.51351352,mimodd_varcall/0.1.9
880, 2021-05 ,96240730.44444445,bedtools_windowbed/2.30.0
881, 2021-05 ,96211147.69300224,CONVERTER_bam_to_bigwig_0/CONVERTER_bam_to_bigwig_0
882, 2021-05 ,96130603.05882354,ruvseq/1.16.0+galaxy1
883, 2021-05 ,96130603.05882354,column_remove_by_header/0.0.1
884, 2021-05 ,95993458.8259958,kallisto_quant/0.46.0.4
885, 2021-05 ,95938768.25806451,query_tabular/3.1.2
886, 2021-05 ,95938768.25806451,samtools_depth/1.9
887, 2021-05 ,95828219.3898305,prinseq/0.20.4
888, 2021-05 ,95705826.0,rbc_splitfasta/0.4.0
889, 2021-05 ,95446064.9352518,shovill/1.1.0+galaxy0
890, 2021-05 ,95416977.6,vcfsort/1.0.0_rc3+galaxy0
891, 2021-05 ,95339724.97869213,ebi_sra_main/ebi_sra_main
892, 2021-05 ,95207811.51724137,addValue/addValue
893, 2021-05 ,95164231.05,velveth/1.2.10.1
894, 2021-05 ,95049352.36363634,macs2_bdgcmp/2.1.1.20160309.0
895, 2021-05 ,95049352.36363634,mothur_lefse/1.39.5.0
896, 2021-05 ,95049352.36363634,vsearch_dereplication/2.8.3.0
897, 2021-05 ,95049352.36363634,jbrowse_to_standalone/1.16.11+galaxy0
898, 2021-05 ,94915182.56934306,ggplot2_pca/2.2.1
899, 2021-05 ,94903469.33333331,get_flanks1/1.0.0
900, 2021-05 ,94903469.33333331,bedtools_bedtobam/2.30.0
901, 2021-05 ,94884251.20958084,gtftobed12/357
902, 2021-05 ,94825190.63414633,bedtools_multicovtbed/2.30.0
903, 2021-05 ,94801435.53757223,cshl_fastq_to_fasta/1.0.0
904, 2021-05 ,94747905.72886296,bwa/0.7.17.4
905, 2021-05 ,94718754.1294964,velvetg/1.2.10.2
906, 2021-05 ,94588819.66013072,sam_pileup/1.1.3
907, 2021-05 ,94565634.94736841,__EXPORT_HISTORY_TO_URI__/__EXPORT_HISTORY_TO_URI__
908, 2021-05 ,94565634.94736841,fastq_manipulation/1.1.5
909, 2021-05 ,94565625.5263158,ncbi_blastn_wrapper/0.3.0
910, 2021-05 ,94368564.8888889,augustus/3.3.3
911, 2021-05 ,94368561.92592593,dada2_assignTaxonomyAddspecies/1.18+galaxy0
912, 2021-05 ,94269071.96889177,Grouping1/Grouping1
913, 2021-05 ,94224552.15384616,tximport/0.1
914, 2021-05 ,94175243.44565216,bcftools_call/1.10
915, 2021-05 ,94095799.0463576,tabular_to_csv/tabular_to_csv
916, 2021-05 ,94040511.70996979,clustalw/2.1
917, 2021-05 ,94010411.47826087,addName/0.2.0
918, 2021-05 ,93900523.5,mummer_mummer/4.0.0beta2+galaxy1
919, 2021-05 ,93900523.5,keras_model_config/0.5.0
920, 2021-05 ,93900523.5,maker_map_ids/2.31.11
921, 2021-05 ,93900523.5,EMBOSS: etandem33/5.0.0.1
922, 2021-05 ,93900523.5,deeptools_plot_heatmap/3.1.2.0.1
923, 2021-05 ,93900523.5,fastq_to_fasta_python/1.1.1
924, 2021-05 ,93900523.5,mothur_unifrac_unweighted/1.39.5.0
925, 2021-05 ,93900523.5,ncbi_blastdbcmd_info/2.10.1+galaxy0
926, 2021-05 ,93900523.5,bedtools_slopbed/2.29.0
927, 2021-05 ,93900523.5,collapse_dataset/4.1
928, 2021-05 ,93900512.2,dada2_learnErrors/1.18+galaxy0
929, 2021-05 ,93900512.0,rapidnj/2.3.2
930, 2021-05 ,93796575.41245592,mothur_make_biom/1.39.5.0
931, 2021-05 ,93788122.2007624,CONVERTER_fastq_to_fqtoc0/CONVERTER_fastq_to_fqtoc0
932, 2021-05 ,93717372.92753623,staramr_search/0.5.1
933, 2021-05 ,93649454.94039737,bedtools_bamtofastq/2.27.1
934, 2021-05 ,93558975.35135137,roary/3.13.0+galaxy1
935, 2021-05 ,93506791.6453265,lofreq_filter/2.1.5+galaxy0
936, 2021-05 ,93464760.8275862,gops_coverage_1/1.0.0
937, 2021-05 ,93422667.72756264,fastp/0.19.5+galaxy1
938, 2021-05 ,93416174.04878049,fastq_filter/1.1.5
939, 2021-05 ,93395038.8,mothur_rename_seqs/1.39.5.0
940, 2021-05 ,93051381.94466403,stringtie_merge/2.1.1
941, 2021-05 ,92928437.53846154,gff_filter_by_attribute/gff_filter_by_attribute
942, 2021-05 ,92928437.53846154,bed2gff1/bed2gff1
943, 2021-05 ,92928437.53846154,exomedepth/1.1.0
944, 2021-05 ,92856184.69437651,__DATA_FETCH__/__DATA_FETCH__
945, 2021-05 ,92812559.74172184,tp_head_tool/1.1.0
946, 2021-05 ,92721059.2,filter_tabular/3.1.2
947, 2021-05 ,92690071.63218391,fastq_groomer/1.1.1
948, 2021-05 ,92677571.51612905,flye/2.6
949, 2021-05 ,92626130.40610687,kraken2/2.1.1+galaxy1
950, 2021-05 ,92624040.93434344,cuffdiff/2.2.1.6
951, 2021-05 ,92200789.30994152,sailfish/0.10.1.1
952, 2021-05 ,92192798.37837836,bowtie2/2.3.2.2
953, 2021-05 ,92120236.73903002,CONVERTER_fasta_to_tabular/CONVERTER_fasta_to_tabular
954, 2021-05 ,92042409.99538106,snpEff/4.3+T.galaxy1
955, 2021-05 ,91950796.8,fasta2tab/1.1.0
956, 2021-05 ,91721702.55172412,deeptools_bigwig_compare/3.3.2.0.0
957, 2021-05 ,91569404.73786408,bioext_bam2msa/0.19.7.0
958, 2021-05 ,91425892.13577025,bam_to_sam/2.0.1
959, 2021-05 ,91373100.0,bwa_wrapper/1.2.3
960, 2021-05 ,91373100.0,tp_tac/1.1.0
961, 2021-05 ,91373100.0,bedtools_unionbedgraph/2.30.0
962, 2021-05 ,91373100.0,CONVERTER_vcf_to_bgzip_0/CONVERTER_vcf_to_bgzip_0
963, 2021-05 ,91373100.0,circos_wiggle_to_stacked/0.69.8+galaxy7
964, 2021-05 ,91373100.0,picard_MarkDuplicatesWithMateCigar/2.18.2.1
965, 2021-05 ,91373100.0,samtool_filter2/1.8
966, 2021-05 ,91373100.0,mimodd_header/0.1.9
967, 2021-05 ,91373100.0,busco/4.1.2
968, 2021-05 ,91373100.0,macs2_predictd/2.1.1.20160309.1
969, 2021-05 ,91373096.0,socru/2.1.7
970, 2021-05 ,91373094.49411763,transdecoder/5.5.0+galaxy1
971, 2021-05 ,91373092.53333332,tophat2/2.1.0
972, 2021-05 ,91301400.0425532,ncbi_makeblastdb/2.10.1+galaxy0
973, 2021-05 ,91253811.57522126,bcftools_filter/1.10
974, 2021-05 ,91141710.08802818,cufflinks/2.2.1.3
975, 2021-05 ,91140693.24137932,fasta_compute_length/1.0.3
976, 2021-05 ,91066745.63636366,csv_to_tabular/csv_to_tabular
977, 2021-05 ,90891686.0,CONVERTER_len_to_linecount/CONVERTER_len_to_linecount
978, 2021-05 ,90861216.75949368,picard_FastqToSam/2.18.2.1
979, 2021-05 ,90828230.56396396,ncbi_blastn_wrapper/2.10.1+galaxy0
980, 2021-05 ,90826630.05405405,cshl_fasta_formatter/1.0.1
981, 2021-05 ,90826629.29729728,iqtree/1.5.5.3
982, 2021-05 ,90742376.5748287,featurecounts/2.0.1
983, 2021-05 ,90741244.125,fgsea/1.8.0+galaxy1
984, 2021-05 ,90624233.77777776,bg_find_subsequences/0.2
985, 2021-05 ,90589186.45454544,samtools_sort/2.0.3
986, 2021-05 ,90454036.9090909,vcftools_annotate/0.1
987, 2021-05 ,90454025.0909091,freebayes/1.1.0.46-0
988, 2021-05 ,90325876.20717132,mothur_align_seqs/1.39.5.0
989, 2021-05 ,90303089.20437956,quast/5.0.2+galaxy1
990, 2021-05 ,90183715.05882354,pipelign/0.2+galaxy0
991, 2021-05 ,90032018.14285713,tp_replace_in_column/1.1.3
992, 2021-05 ,90021509.81329235,freebayes/1.3.1
993, 2021-05 ,89963469.46405229,fastq_quality_trimmer/1.1.5
994, 2021-05 ,89893624.87804878,deeptools_plot_fingerprint/3.3.2.0.0
995, 2021-05 ,89688151.0,pizzly/0.37.3.1
996, 2021-05 ,89688151.0,mimodd_sort/0.1.9
997, 2021-05 ,89621814.42519684,tp_sed_tool/1.1.1
998, 2021-05 ,89568283.16249812,lofreq_indelqual/2.1.5+galaxy0
999, 2021-05 ,89495849.39590815,hisat2/2.1.0+galaxy7
1000, 2021-05 ,89492220.6650173,prokka/1.14.5+galaxy0
1001, 2021-05 ,89321857.73913044,cshl_fastx_collapser/1.0.0
1002, 2021-05 ,89244743.36842106,gmx_solvate/2020.2+galaxy0
1003, 2021-05 ,89217571.64705881,rna_starsolo/2.7.8a
1004, 2021-05 ,89126501.33333333,datamash_transpose/1.1.0
1005, 2021-05 ,89102298.1633959,tp_replace_in_line/1.1.2
1006, 2021-05 ,89071701.26829267,hisat2/2.1.0+galaxy5
1007, 2021-05 ,89040093.6923077,seqtk_subseq/1.3.1
1008, 2021-05 ,89040083.84615384,medaka_consensus/1.0.3+galaxy2
1009, 2021-05 ,88994348.47058822,CONVERTER_fasta_to_len/CONVERTER_fasta_to_len
1010, 2021-05 ,88660737.97560975,mummer_nucmer/4.0.0beta2+galaxy1
1011, 2021-05 ,88624833.6699029,bedtools_sortbed/2.30.0
1012, 2021-05 ,88484616.0,build_ucsc_custom_track_1/1.0.0
1013, 2021-05 ,88484616.0,EMBOSS: degapseq20/5.0.0
1014, 2021-05 ,88484616.0,picard_FilterSamReads/2.18.2.1
1015, 2021-05 ,88484616.0,picard_CASM/2.18.2.1
1016, 2021-05 ,88484616.0,mothur_biom_info/1.39.5.0
1017, 2021-05 ,88484612.57142858,bowtie2/2.3.4.2
1018, 2021-05 ,88414158.52682929,bowtie2/2.3.4.3+galaxy0
1019, 2021-05 ,88349640.11214954,trim_galore/0.4.3.1
1020, 2021-05 ,88262424.92307693,pca1/1.0.2
1021, 2021-05 ,88242363.99863075,trimmomatic/0.38.0
1022, 2021-05 ,88223487.4047288,abricate/1.0.1
1023, 2021-05 ,88201431.29411763,CONVERTER_fasta_to_2bit/CONVERTER_fasta_to_2bit
1024, 2021-05 ,88003202.0,trinotate/3.2.1
1025, 2021-05 ,87914520.4736842,liftOver1/liftOver1
1026, 2021-05 ,87581964.75,dada2_plotQualityProfile/1.18+galaxy0
1027, 2021-05 ,87581964.75,bcftools_merge/1.10
1028, 2021-05 ,87581964.75,wc_gnu/wc_gnu
1029, 2021-05 ,87581964.75,picard_MergeSamFiles/1.126.0
1030, 2021-05 ,87544899.34434064,vcfvcfintersect/1.0.0_rc3+galaxy0
1031, 2021-05 ,87349509.41137123,cshl_fastq_quality_filter/1.0.2+galaxy0
1032, 2021-05 ,87210284.8235294,fasplit/357
1033, 2021-05 ,87210278.08823529,featurecounts/1.6.4+galaxy2
1034, 2021-05 ,87210277.27450979,snippy/4.5.0
1035, 2021-05 ,87141135.06976745,picard_MergeBamAlignment/2.18.2.1
1036, 2021-05 ,87141128.27906977,plant_tribes_assembly_post_processor/1.0.3.0
1037, 2021-05 ,86879902.66666666,bedtools_spacingbed/2.30.0
1038, 2021-05 ,86879898.3174603,deeptools_multi_bigwig_summary/3.3.2.0.0
1039, 2021-05 ,86879898.22222222,quast/5.0.2+galaxy0
1040, 2021-05 ,86744557.8313253,metaspades/3.9.0
1041, 2021-05 ,86665527.38931298,deeptools_bam_compare/3.3.2.0.0
1042, 2021-05 ,86520446.88,dada2_filterAndTrim/1.18+galaxy0
1043, 2021-05 ,86471202.27665706,deeptools_bam_coverage/3.3.2.0.0
1044, 2021-05 ,86459970.99065422,repeatmasker_wrapper/4.0.9
1045, 2021-05 ,86409926.07500413,bowtie2/2.4.2+galaxy0
1046, 2021-05 ,86318253.0,bedtools_overlapbed/2.30.0
1047, 2021-05 ,86318253.0,mothur_make_lefse/1.39.5.0
1048, 2021-05 ,86219138.35294117,gd_raxml/1.0.0
1049, 2021-05 ,86155185.48387095,bwa_mem/0.7.15.1
1050, 2021-05 ,85858721.45454545,seqtk_seq/1.3.3
1051, 2021-05 ,85858721.45454545,bacteria_tradis/1.4.5+galaxy2
1052, 2021-05 ,85475767.16666666,featurecounts/1.6.3+galaxy2
1053, 2021-05 ,85178579.2684049,deeptools_compute_matrix/3.3.2.0.0
1054, 2021-05 ,85151749.84615384,jcvi_gff_stats/0.8.4
1055, 2021-05 ,85151739.6923077,bg_diamond_makedb/0.9.29
1056, 2021-05 ,84988030.10526316,gff2bed1/gff2bed1
1057, 2021-05 ,84837535.07070707,varscan_somatic/2.4.3.6
1058, 2021-05 ,84764421.1299611,tophat2/2.1.1
1059, 2021-05 ,84709892.5909091,Extract_features1/Extract_features1
1060, 2021-05 ,84633304.0,dada2_removeBimeraDenovo/1.18+galaxy0
1061, 2021-05 ,84633304.0,vcfgeno2haplo/1.0.0_rc3+galaxy0
1062, 2021-05 ,84422677.54166666,featurecounts/1.6.4+galaxy1
1063, 2021-05 ,84319825.11627907,vcfallelicprimitives/1.0.0_rc3+galaxy0
1064, 2021-05 ,84308494.55421686,CONVERTER_bam_to_coodinate_sorted_bam/CONVERTER_bam_to_coodinate_sorted_bam
1065, 2021-05 ,83973455.04895104,minimap2/2.17+galaxy4
1066, 2021-05 ,83855635.23076923,cshl_fastx_clipper/1.0.3+galaxy0
1067, 2021-05 ,83445354.34532374,ChangeCase/ChangeCase
1068, 2021-05 ,83423597.02564102,bedtools_genomecoveragebed/2.30.0
1069, 2021-05 ,83285337.97333333,ncbi_blastx_wrapper/2.10.1+galaxy0
1070, 2021-05 ,83285337.76,shovill/1.0.4+galaxy1
1071, 2021-05 ,82972767.09178744,deeptools_multi_bam_summary/3.3.2.0.0
1072, 2021-05 ,82902808.25945947,spaln/2.4.03+galaxy0
1073, 2021-05 ,82843045.6875,fastq_paired_end_interlacer/1.2.0.1+galaxy0
1074, 2021-05 ,82795177.81818183,EMBOSS: extractseq35/5.0.0
1075, 2021-05 ,82795177.81818183,sam2interval/1.0.2
1076, 2021-05 ,82707648.0,dada2_makeSequenceTable/1.18+galaxy0
1077, 2021-05 ,82150215.22807017,trimmomatic/0.36.6
1078, 2021-05 ,82098553.22260869,ivar_removereads/1.2.2+galaxy1
1079, 2021-05 ,81844422.89655171,mergeCols1/mergeCols1
1080, 2021-05 ,81545013.07520892,tab2fasta/1.1.1
1081, 2021-05 ,81263406.0,Sff_extractor/Sff_extractor
1082, 2021-05 ,81263406.0,bedtools_bedpetobam/2.30.0
1083, 2021-05 ,81263406.0,EMBOSS: fuzzpro38/5.0.0.1
1084, 2021-05 ,81263406.0,EMBOSS: pepwheel72/5.0.0.1
1085, 2021-05 ,81263406.0,picard_CollectHsMetrics/2.18.2
1086, 2021-05 ,81263406.0,vsearch_search/2.8.3.1
1087, 2021-05 ,81263406.0,tsne/0.0.2
1088, 2021-05 ,81263406.0,EMBOSS: cirdna11/5.0.0
1089, 2021-05 ,81263406.0,fastq_to_fasta_python/1.0.0
1090, 2021-05 ,81263406.0,peakcalling_sicer/1.1
1091, 2021-05 ,81263406.0,samtools_sort/2.0
1092, 2021-05 ,81263406.0,ml_visualization_ex/1.0.8.2
1093, 2021-05 ,81263406.0,mummer_show_coords/4.0.0beta2+galaxy1
1094, 2021-05 ,81263406.0,cshl_fastx_renamer/0.0.11
1095, 2021-05 ,81263406.0,EMBOSS: water107/5.0.0.1
1096, 2021-05 ,81263406.0,cuffquant/2.2.1.1
1097, 2021-05 ,81263406.0,samtools_flagstat/2.0.1
1098, 2021-05 ,81263406.0,microsatpurity/1.0.0
1099, 2021-05 ,81263406.0,duplex/0.3
1100, 2021-05 ,81263406.0,freebayes/0.4
1101, 2021-05 ,81263406.0,bcftools_call/1.9+galaxy1
1102, 2021-05 ,81263406.0,modENCODEworm/modENCODEworm
1103, 2021-05 ,81263406.0,rseqc_read_GC/2.6.4
1104, 2021-05 ,81263406.0,picard_FixMateInformation/2.18.2.1
1105, 2021-05 ,81263406.0,mimodd_reheader/0.1.9
1106, 2021-05 ,81263406.0,gtf_filter_by_attribute_values_list/gtf_filter_by_attribute_values_list
1107, 2021-05 ,81263406.0,macs2_callpeak/2.1.0.20140616.0
1108, 2021-05 ,81263406.0,khmer_normalize_by_median/3.0.0a3+galaxy1
1109, 2021-05 ,81263406.0,getalleleseq/0.0.1
1110, 2021-05 ,81263406.0,fastq_masker_by_quality/1.1.5
1111, 2021-05 ,81263406.0,samtools_view/1.9
1112, 2021-05 ,81263406.0,sra_pileup/2.10.3
1113, 2021-05 ,81263406.0,cloudmap_variant_discovery_mapping/1.0.0
1114, 2021-05 ,81263406.0,vcfleftalign/1.0.0_rc3+galaxy0
1115, 2021-05 ,81263406.0,CONVERTER_wig_to_bigwig/CONVERTER_wig_to_bigwig
1116, 2021-05 ,81263406.0,CONVERTER_sam_to_unsorted_bam/CONVERTER_sam_to_unsorted_bam
1117, 2021-05 ,81263406.0,scpipe/1.0.0+galaxy2
1118, 2021-05 ,81263406.0,fasterq_dump/2.10.7+galaxy2
1119, 2021-05 ,81263406.0,bedtools_bed12tobed6/2.30.0
1120, 2021-05 ,81263406.0,cshl_fastq_quality_converter/1.0.1
1121, 2021-05 ,81263406.0,cshl_fastq_quality_filter/1.0.2
1122, 2021-05 ,81263406.0,export2graphlan/0.20+galaxy0
1123, 2021-05 ,81263406.0,graphembed/2.4.0
1124, 2021-05 ,81263406.0,heinz_bum/1.0
1125, 2021-05 ,81263403.5,ivar_trim/1.3.1+galaxy0
1126, 2021-05 ,81263400.51063828,bg_diamond/0.9.29.0
1127, 2021-05 ,81263400.0,gmx_em/2020.2+galaxy0
1128, 2021-05 ,81263397.33333333,exonerate/2.4.0+galaxy2
1129, 2021-05 ,81263397.3076923,mlst/2.19.0
1130, 2021-05 ,81263396.0,transdecoder/3.0.1
1131, 2021-05 ,81263396.0,fasterq_dump/2.10.4
1132, 2021-05 ,81263390.0,seqtk_mergefa/1.3.1
1133, 2021-05 ,81263387.0,deeptools_compute_matrix/3.3.0.0.0
1134, 2021-05 ,81263386.0,sklearn_build_pipeline/1.0.8.2
1135, 2021-05 ,81263364.0,gubbins/0.1.0
1136, 2021-05 ,80510813.86363634,maker/2.31.11
1137, 2021-05 ,80079997.00334448,fastq_paired_end_deinterlacer/1.1.5
1138, 2021-05 ,79897231.13513513,sickle/1.33.2
1139, 2021-05 ,79731630.48484848,flash/1.2.11.4
1140, 2021-05 ,79632810.19354838,kraken_taxonomy_report/0.0.2
1141, 2021-05 ,79520355.31034482,dada2_plotComplexity/1.18+galaxy0
1142, 2021-05 ,79250985.09681977,fasterq_dump/2.10.9+galaxy0
1143, 2021-05 ,79241467.2,snippy_core/4.5.0
1144, 2021-05 ,79150924.07164179,salmon/1.3.0+galaxy1
1145, 2021-05 ,79065646.4347826,rseqc_read_quality/2.6.4
1146, 2021-05 ,79000041.6716418,poretools_extract/0.6.1a1.0
1147, 2021-05 ,78912306.46511629,trimmomatic/0.36.5
1148, 2021-05 ,78632253.7077077,samtools_stats/2.0.2+galaxy2
1149, 2021-05 ,78571464.78106509,sam_to_bam/2.1.1
1150, 2021-05 ,78289966.58823529,meme_fimo/5.0.5.0
1151, 2021-05 ,77966761.73913044,megahit/1.1.3.5
1152, 2021-05 ,77956496.74766356,mummer_dnadiff/4.0.0beta2+galaxy1
1153, 2021-05 ,77893508.0,EMBOSS: plotcon75/5.0.0.1
1154, 2021-05 ,77716144.94736841,ivar_consensus/1.3.1+galaxy0
1155, 2021-05 ,77467275.84189723,fasta-stats/1.0.1
1156, 2021-05 ,77375062.15384614,fastq_filter/1.1.1
1157, 2021-05 ,77375058.76923077,hyphy_meme/2.5.31+galaxy2
1158, 2021-05 ,77308848.53164558,ncbi_blastp_wrapper/2.10.1+galaxy0
1159, 2021-05 ,76668090.54545455,EMBOSS: wordmatch110/5.0.0.1
1160, 2021-05 ,76668090.54545455,ctb_online_data_fetch/0.2
1161, 2021-05 ,76208559.0,macs2_filterdup/2.1.1.20160309.1
1162, 2021-05 ,76034253.93103448,createInterval/createInterval
1163, 2021-05 ,75899741.98070739,fastqc/0.72
1164, 2021-05 ,75646909.33333333,EMBOSS: compseq14/5.0.0.1
1165, 2021-05 ,75646909.33333333,tp_cut_tool/1.0.0
1166, 2021-05 ,75646909.33333333,cuffdiff/2.2.1.3
1167, 2021-05 ,75330294.83390376,samtools_view/1.9+galaxy2
1168, 2021-05 ,75197584.32,minimap2/2.17+galaxy2
1169, 2021-05 ,75197580.64,hisat2/2.1.0+galaxy4
1170, 2021-05 ,74931050.09320222,rna_star/2.7.8a
1171, 2021-05 ,74370432.81818183,bedtools_subtractbed/2.30.0
1172, 2021-05 ,74042196.0,ivar_filtervariants/1.3.1+galaxy0
1173, 2021-05 ,74042196.0,vsearch_clustering/2.8.3.0
1174, 2021-05 ,73110426.96774194,deeptools_plot_enrichment/3.3.2.0.0
1175, 2021-05 ,72838661.0,gops_basecoverage_1/1.0.0
1176, 2021-05 ,72343087.76470588,count_gff_features/0.2
1177, 2021-05 ,72072775.0909091,macs2_bdgbroadcall/2.1.1.20160309.0
1178, 2021-05 ,71785567.875,gfa_to_fa/0.1.2
1179, 2021-05 ,71739770.02898552,bowtie_wrapper/1.2.0
1180, 2021-05 ,71153712.0,gmx_editconf/2020.2+galaxy0
1181, 2021-05 ,71153712.0,lda_analy1/1.0.1
1182, 2021-05 ,71153712.0,vcfdistance/1.0.0_rc3+galaxy0
1183, 2021-05 ,71153712.0,bcftools_view/0.0.1
1184, 2021-05 ,71153712.0,naive_variant_caller/0.0.2
1185, 2021-05 ,71153712.0,crossmap_wig/0.3.7+galaxy1
1186, 2021-05 ,71153712.0,fastqc/0.64
1187, 2021-05 ,71153712.0,trinity_contig_exn50_statistic/2.9.1
1188, 2021-05 ,71153708.0,plant_tribes_gene_family_aligner/1.0.3.0
1189, 2021-05 ,71153706.24,scanpy_remove_confounders/1.7.1+galaxy0
1190, 2021-05 ,71153704.0,plant_tribes_gene_family_phylogeny_builder/1.0.3.1
1191, 2021-05 ,71153700.0,bowtie2/2.3.4.1
1192, 2021-05 ,71153700.0,salmon/0.14.1.2
1193, 2021-05 ,70701039.13432837,cshl_fastq_quality_boxplot/1.0.1
1194, 2021-05 ,70669415.28143713,bp_genbank2gff3/1.1
1195, 2021-05 ,70443126.47923322,cshl_fastx_barcode_splitter/1.0.1
1196, 2021-05 ,70334007.08108108,picard_CollectRnaSeqMetrics/2.18.2.2
1197, 2021-05 ,70030404.88888888,maxbin2/2.2.7+galaxy2
1198, 2021-05 ,69598374.46153846,__IMPORT_HISTORY__/__IMPORT_HISTORY__
1199, 2021-05 ,68626288.5,bedtools_coveragebed/2.29.2
1200, 2021-05 ,68626288.5,deseq2/2.11.40.6
1201, 2021-05 ,67701621.36585365,length_and_gc_content/0.1.1
1202, 2021-05 ,67701621.36585365,rseqc_tin/2.6.4.1
1203, 2021-05 ,67477459.63636364,fasttree/2.1.10+galaxy1
1204, 2021-05 ,67477459.63636364,EMBOSS: einverted28/5.0.0.1
1205, 2021-05 ,65087895.6,bioext_bealign/0.19.7.0
1206, 2021-05 ,64413916.0,gff_to_prot/3.0.2+galaxy0
1207, 2021-05 ,64413916.0,diffbind/2.6.6.4
1208, 2021-05 ,64413916.0,bcftools_cnv/1.10
1209, 2021-05 ,64413916.0,EMBOSS: checktrans9/5.0.0.1
1210, 2021-05 ,64413916.0,mothur_get_seqs/1.39.5.0
1211, 2021-05 ,64413916.0,gffcompare_to_bed/0.2.1
1212, 2021-05 ,64413916.0,tp_text_file_with_recurring_lines/1.1.0
1213, 2021-05 ,64413916.0,sam_merge2/1.1.2
1214, 2021-05 ,64413916.0,mothur_chop_seqs/1.39.5.0
1215, 2021-05 ,64413916.0,mothur_classify_seqs/1.36.1.0
1216, 2021-05 ,64413916.0,ggplot2_histogram/2.2.1+galaxy0
1217, 2021-05 ,64413909.33333333,deeptools_bam_coverage/3.3.0.0.0
1218, 2021-05 ,64413896.33333333,salmon/0.14.1.2+galaxy1
1219, 2021-05 ,61676492.0,rna_star/2.7.7a
1220, 2021-05 ,61676488.540540546,rna_star/2.7.5b
1221, 2021-05 ,61676485.97647058,rna_star/2.6.0b-1
1222, 2021-05 ,61044018.0,vcfprimers/1.0.0_rc3+galaxy0
1223, 2021-05 ,61044018.0,fastq_groomer/1.0.4
1224, 2021-05 ,60065660.51612903,mummer_delta_filter/4.0.0beta2+galaxy1
1225, 2021-05 ,59599776.0,bg_diamond_view/0.9.29
1226, 2021-05 ,59599776.0,circos_bundlelinks/0.69.8+galaxy7
1227, 2021-05 ,59599772.57142857,bwameth/0.2.2
1228, 2021-05 ,58286828.72727273,multiqc/1.7
1229, 2021-05 ,57319383.15789474,plant_tribes_gene_family_classifier/1.0.3.0
1230, 2021-05 ,55989171.0,vcfrandomsample/1.0.0_rc3+galaxy0
1231, 2021-05 ,55989171.0,CONVERTER_maf_to_interval_0/CONVERTER_maf_to_interval_0
1232, 2021-05 ,55989171.0,pileup_interval/1.0.3
1233, 2021-05 ,55989171.0,sklearn_searchcv/1.0.8.2
1234, 2021-05 ,55989171.0,megablast_xml_parser/1.0.1
1235, 2021-05 ,55989171.0,xmfa2gff3/2015_02_13.1
1236, 2021-05 ,55989166.0,hyphy_fel/2.5.31+galaxy1
1237, 2021-05 ,55989156.0,kallisto_pseudo/0.46.0.1
1238, 2021-05 ,54978201.6,rseqc_junction_saturation/2.6.4.1
1239, 2021-05 ,54978201.6,picard_ReorderSam/2.18.2.1
1240, 2021-05 ,54502451.294117644,bedtools_groupbybed/2.30.0
1241, 2021-05 ,53180911.55555556,hyphy_gard/2.5.31+galaxy1
1242, 2021-05 ,50934324.0,deseq2/2.11.40.2
1243, 2021-05 ,50934324.0,mothur_get_relabund/1.39.5.0
1244, 2021-05 ,50934324.0,fastq_combiner/1.0.1
1245, 2021-05 ,50934314.8,sklearn_ensemble/1.0.8.2
1246, 2021-05 ,49633661.614035085,cshl_fastx_trimmer/1.0.0
1247, 2021-05 ,47564410.0,multigps/0.74.0
1248, 2021-05 ,43352053.5,deeptools_plot_profile/3.1.2.0.0
1249, 2021-05 ,39802301.39325842,picard_ValidateSamFile/2.18.2.1
1250, 2021-05 ,33375381.789473683,cshl_fastq_quality_filter/1.0.1
1251, 2021-05 ,30714936.0,bamFilter/0.0.2
1252, 2021-05 ,30714936.0,CONVERTER_gff_to_bgzip_0/CONVERTER_gff_to_bgzip_0
1253, 2021-05 ,30714936.0,MAF_Reverse_Complement_1/MAF_Reverse_Complement_1
1254, 2021-05 ,30714936.0,fastq_dump/2.10.4
1255, 2021-05 ,30714936.0,sam_dump/2.10.8+galaxy0
1256, 2021-05 ,30714936.0,check_snpeff_candidates/1.0.0
1257, 2021-05 ,30714936.0,sarscov2formatter/0.5.3+galaxy1
1258, 2021-05 ,30714936.0,flymine/flymine
1259, 2021-05 ,30714936.0,hgv_ldtools/hgv_ldtools
1260, 2021-05 ,30714936.0,mimodd_rebase/0.1.9
1261, 2021-05 ,30714936.0,bcftools_call/1.4.0
1262, 2021-05 ,30714936.0,tn93_readreduce/1.0.4
1263, 2021-05 ,30714936.0,poretools_yield_plot/0.6.1a1.1
1264, 2021-05 ,30714936.0,transit_gumbel/3.0.2+galaxy0
1265, 2021-05 ,30714936.0,gmaj_1/2.0.1
1266, 2021-05 ,30714936.0,poretools_qualpos/0.6.1a1.1
1267, 2021-05 ,30714936.0,bcftools_plugin_fill_an_ac/1.10
1268, 2021-05 ,30714936.0,EMBOSS: tranalign100/5.0.0
1269, 2021-05 ,30714936.0,bcftools_plugin_mendelian/1.9+galaxy1
1270, 2021-05 ,30714936.0,EMBOSS: revseq82/5.0.0
1271, 2021-05 ,30714936.0,multiqc/1.8+galaxy0
1272, 2021-05 ,30714936.0,bcftools_plugin_setgt/1.9+galaxy1
1273, 2021-05 ,30714936.0,EMBOSS: preg78/5.0.0+galaxy1
1274, 2021-05 ,30714936.0,picard_CollectGcBiasMetrics/2.18.2.1
1275, 2021-05 ,30714936.0,EMBOSS: plotorf76/5.0.0
1276, 2021-05 ,30714936.0,valet/1.0.0
1277, 2021-05 ,30714936.0,mothur_sort_seqs/1.39.5.0
1278, 2021-05 ,30714936.0,EMBOSS: pepcoil68/5.0.0.1
1279, 2021-05 ,30714936.0,EMBOSS: oddcomp64/5.0.0.1
1280, 2021-05 ,30714936.0,mothur_pre_cluster/1.36.1.0
1281, 2021-05 ,30714936.0,EMBOSS: dotpath25/5.0.0.1
1282, 2021-05 ,30714936.0,vsearch_masking/2.8.3.0
1283, 2021-05 ,30714936.0,diffbind/2.6.5.0
1284, 2021-05 ,30714936.0,lastz_d_wrapper/1.3.2
1285, 2021-05 ,30714936.0,bedtools_maskfastabed/2.29.2
1286, 2021-05 ,30714936.0,mothur_list_seqs/1.39.5.0
1287, 2021-05 ,30714936.0,hgv_snpFreq/1.0.1
1288, 2021-05 ,30714936.0,mothur_homova/1.39.5.0
1289, 2021-05 ,30714936.0,samtools_reheader/2.0.1+galaxy1
1290, 2021-05 ,30714936.0,bedtools_multicovtbed/2.29.2
1291, 2021-05 ,30714936.0,EMBOSS: charge8/5.0.0.1
1292, 2021-05 ,30714936.0,EMBOSS: antigenic1/5.0.0.1
1293, 2021-05 ,30714936.0,heinz/1.0
1294, 2021-05 ,30714936.0,rseqc_RNA_fragment_size/2.6.4.1
1295, 2021-05 ,30714936.0,cshl_fastx_trimmer/1.0.1
1296, 2021-05 ,30714936.0,metagenomeseq_normalizaton/1.16.0-0.0.1
1297, 2021-05 ,30714936.0,meme_psp_gen/5.0.5.0
1298, 2021-05 ,30714936.0,blastxml_to_gapped_gff3/1.1
1299, 2021-05 ,30714936.0,rseqc_insertion_profile/2.6.4
1300, 2021-05 ,30714936.0,tp_easyjoin_tool/1.1.1
1301, 2021-05 ,30714936.0,freebayes/0.4.1
1302, 2021-05 ,30714936.0,cufflinks/2.2.1.2
1303, 2021-05 ,30714936.0,maf_stats1/1.0.1+galaxy0
1304, 2021-05 ,30714936.0,cat_prepare/5.0.3.0
1305, 2021-05 ,30714936.0,macs2_predictd/2.1.1.20160309.0
1306, 2021-05 ,30714936.0,cufflinks/0.0.6
1307, 2021-05 ,30714936.0,kobas_identify/2.1.1
1308, 2021-05 ,30714936.0,trimmomatic/0.36.2
1309, 2021-05 ,30714936.0,tp_sort_header_tool/1.0.0
1310, 2021-05 ,30714936.0,jbrowse/1.16.5+galaxy7
1311, 2021-05 ,30714936.0,naive_variant_caller/0.0.1
1312, 2021-05 ,30714936.0,cca1/1.0.0
1313, 2021-05 ,30714936.0,ggplot2_heatmap2/2.2.1+galaxy1
1314, 2021-05 ,30714936.0,galaxy_intermine_exchange/0.0.1
1315, 2021-05 ,30714936.0,idba_hybrid/1.1.3
1316, 2021-05 ,30714936.0,fastqe/0.2.6+galaxy0
1317, 2021-05 ,30714936.0,hyphy_absrel/2.5.31+galaxy0
1318, 2021-05 ,30714936.0,MAF_Thread_For_Species1/MAF_Thread_For_Species1
1319, 2021-05 ,30714929.333333332,hyphy_relax/2.5.31+galaxy1
1320, 2021-05 ,30714921.333333332,racon/1.3.1.1
1321, 2021-05 ,30714920.666666664,deeptools_bam_pe_fragmentsize/3.3.2.0.0
1322, 2021-05 ,30714916.0,mothur_metastats/1.39.5.0
1323, 2021-05 ,30714916.0,deeptools_compute_gc_bias/3.3.2.0.0
1324, 2021-05 ,30714916.0,trimmomatic/0.36.3
1325, 2021-05 ,30714912.0,mummer_nucmer/4.0.0beta2+galaxy0
1326, 2021-05 ,30714908.0,plant_tribes_gene_family_phylogeny_builder/1.0.3.0
1327, 2021-05 ,30714908.0,megahit/1.1.3.4
